ds,trend,yhat_lower,yhat_upper,trend_lower,trend_upper,additive_terms,additive_terms_lower,additive_terms_upper,weekly,weekly_lower,weekly_upper,multiplicative_terms,multiplicative_terms_lower,multiplicative_terms_upper,yhat
2010-12-01,16672.85350463514,5271.26817991022,39899.35603417697,16672.85350463514,16672.85350463514,5637.931599515699,5637.931599515699,5637.931599515699,5637.931599515699,5637.931599515699,5637.931599515699,0.0,0.0,0.0,22310.78510415084
2010-12-02,16690.057241858725,13358.320522906448,47392.27745856315,16690.057241858725,16690.057241858725,12761.521214548706,12761.521214548706,12761.521214548706,12761.521214548706,12761.521214548706,12761.521214548706,0.0,0.0,0.0,29451.57845640743
2010-12-03,16707.26097908231,1710.3133387883504,38646.47412735337,16707.26097908231,16707.26097908231,3614.8296440415925,3614.8296440415925,3614.8296440415925,3614.8296440415925,3614.8296440415925,3614.8296440415925,0.0,0.0,0.0,20322.090623123906
2010-12-04,16724.464716305894,-24720.541333616475,11258.872440406192,16724.464716305894,16724.464716305894,-23536.701597927506,-23536.701597927506,-23536.701597927506,-23536.701597927506,-23536.701597927506,-23536.701597927506,0.0,0.0,0.0,-6812.236881621611
2010-12-05,16741.66845352948,-8915.126124965676,24606.307762407632,16741.66845352948,16741.66845352948,-8790.833747536757,-8790.833747536757,-8790.833747536757,-8790.833747536757,-8790.833747536757,-8790.833747536757,0.0,0.0,0.0,7950.834705992724
2010-12-06,16758.872190753067,3395.8718296202856,36017.32468559466,16758.872190753067,16758.872190753067,2042.2812985885685,2042.2812985885685,2042.2812985885685,2042.2812985885685,2042.2812985885685,2042.2812985885685,0.0,0.0,0.0,18801.153489341636
2010-12-07,16776.075927976653,8987.533962774067,42969.09674468621,16776.075927976653,16776.075927976653,8270.971588739227,8270.971588739227,8270.971588739227,8270.971588739227,8270.971588739227,8270.971588739227,0.0,0.0,0.0,25047.04751671588
2010-12-08,16793.279665200236,6317.446113275841,41106.50845179889,16793.279665200236,16793.279665200236,5637.931599556043,5637.931599556043,5637.931599556043,5637.931599556043,5637.931599556043,5637.931599556043,0.0,0.0,0.0,22431.21126475628
2010-12-09,16810.483402423823,11969.833077571622,47625.61558019751,16810.483402423823,16810.483402423823,12761.521214542976,12761.521214542976,12761.521214542976,12761.521214542976,12761.521214542976,12761.521214542976,0.0,0.0,0.0,29572.0046169668
2010-12-10,16827.68713964741,3060.669287228214,38907.36589862461,16827.68713964741,16827.68713964741,3614.829644028904,3614.829644028904,3614.829644028904,3614.829644028904,3614.829644028904,3614.829644028904,0.0,0.0,0.0,20442.516783676314
2010-12-11,16844.89087687099,-23962.83628910132,10936.851735535147,16844.89087687099,16844.89087687099,-23536.70159792912,-23536.70159792912,-23536.70159792912,-23536.70159792912,-23536.70159792912,-23536.70159792912,0.0,0.0,0.0,-6691.810721058129
2010-12-12,16862.094614094578,-8209.725541042697,26122.803571348453,16862.094614094578,16862.094614094578,-8790.833747561892,-8790.833747561892,-8790.833747561892,-8790.833747561892,-8790.833747561892,-8790.833747561892,0.0,0.0,0.0,8071.260866532686
2010-12-13,16879.298351318164,2079.457910379878,36418.688377433056,16879.298351318164,16879.298351318164,2042.281298578597,2042.281298578597,2042.281298578597,2042.281298578597,2042.281298578597,2042.281298578597,0.0,0.0,0.0,18921.57964989676
2010-12-14,16896.502105835174,8682.7478303346,42561.15417052806,16896.502105835174,16896.502105835174,8270.971588753677,8270.971588753677,8270.971588753677,8270.971588753677,8270.971588753677,8270.971588753677,0.0,0.0,0.0,25167.47369458885
2010-12-15,16913.705860352184,6560.052601618777,40077.42789757028,16913.705860352184,16913.705860352184,5637.931599539606,5637.931599539606,5637.931599539606,5637.931599539606,5637.931599539606,5637.931599539606,0.0,0.0,0.0,22551.63745989179
2010-12-16,16930.909614869193,12431.542972285111,47199.28688894132,16930.909614869193,16930.909614869193,12761.521214537246,12761.521214537246,12761.521214537246,12761.521214537246,12761.521214537246,12761.521214537246,0.0,0.0,0.0,29692.43082940644
2010-12-17,16948.113369386203,2280.522248057126,39066.27377975905,16948.113369386203,16948.113369386203,3614.8296439943024,3614.8296439943024,3614.8296439943024,3614.8296439943024,3614.8296439943024,3614.8296439943024,0.0,0.0,0.0,20562.943013380507
2010-12-18,16965.317123903213,-24136.432615189282,10687.902953539935,16965.317123903213,16965.317123903213,-23536.701597907613,-23536.701597907613,-23536.701597907613,-23536.701597907613,-23536.701597907613,-23536.701597907613,0.0,0.0,0.0,-6571.3844740044005
2010-12-19,16982.520878420222,-10079.580356174893,26620.394176380196,16982.520878420222,16982.520878420222,-8790.833747548399,-8790.833747548399,-8790.833747548399,-8790.833747548399,-8790.833747548399,-8790.833747548399,0.0,0.0,0.0,8191.687130871824
2010-12-20,16999.724632937232,1386.9393315665634,36092.62883642651,16999.724632937232,16999.724632937232,2042.2812985891037,2042.2812985891037,2042.2812985891037,2042.2812985891037,2042.2812985891037,2042.2812985891037,0.0,0.0,0.0,19042.005931526335
2010-12-21,17016.92838745424,8225.342786860925,41950.1484379022,17016.92838745424,17016.92838745424,8270.971588731281,8270.971588731281,8270.971588731281,8270.971588731281,8270.971588731281,8270.971588731281,0.0,0.0,0.0,25287.899976185523
2010-12-22,17034.13214197125,4773.03203447493,39272.313258211456,17034.13214197125,17034.13214197125,5637.931599551562,5637.931599551562,5637.931599551562,5637.931599551562,5637.931599551562,5637.931599551562,0.0,0.0,0.0,22672.063741522812
2010-12-23,17051.33589648826,11962.781169943873,46216.24255928792,17051.33589648826,17051.33589648826,12761.521214557712,12761.521214557712,12761.521214557712,12761.521214557712,12761.521214557712,12761.521214557712,0.0,0.0,0.0,29812.857111045974
2010-12-24,17068.53965100527,4024.0013850223413,39134.94654259602,17068.53965100527,17068.53965100527,3614.829644030291,3614.829644030291,3614.829644030291,3614.829644030291,3614.829644030291,3614.829644030291,0.0,0.0,0.0,20683.36929503556
2010-12-25,17085.74340552228,-24425.203935718724,10276.867785212784,17085.74340552228,17085.74340552228,-23536.70159790584,-23536.70159790584,-23536.70159790584,-23536.70159790584,-23536.70159790584,-23536.70159790584,0.0,0.0,0.0,-6450.958192383561
2010-12-26,17102.95535968922,-9871.781068017326,24472.032527782325,17102.95535968922,17102.95535968922,-8790.833747532775,-8790.833747532775,-8790.833747532775,-8790.833747532775,-8790.833747532775,-8790.833747532775,0.0,0.0,0.0,8312.121612156443
2010-12-27,17120.167313856156,1016.2744549668581,37282.65628797785,17120.167313856156,17120.167313856156,2042.2812985996136,2042.2812985996136,2042.2812985996136,2042.2812985996136,2042.2812985996136,2042.2812985996136,0.0,0.0,0.0,19162.44861245577
2010-12-28,17137.37926802309,8379.989971756893,42842.49519430947,17137.37926802309,17137.37926802309,8270.971588755372,8270.971588755372,8270.971588755372,8270.971588755372,8270.971588755372,8270.971588755372,0.0,0.0,0.0,25408.350856778463
2010-12-29,17154.591222190033,5326.5194088643575,40820.7877512504,17154.591222190033,17154.591222190033,5637.931599520004,5637.931599520004,5637.931599520004,5637.931599520004,5637.931599520004,5637.931599520004,0.0,0.0,0.0,22792.522821710038
2010-12-30,17171.803176356967,12858.827696305858,48226.68711024153,17171.803176356967,17171.803176356967,12761.521214524064,12761.521214524064,12761.521214524064,12761.521214524064,12761.521214524064,12761.521214524064,0.0,0.0,0.0,29933.324390881033
2010-12-31,17189.0151305239,4286.511030837588,37727.73846247062,17189.0151305239,17189.0151305239,3614.8296440176027,3614.8296440176027,3614.8296440176027,3614.8296440176027,3614.8296440176027,3614.8296440176027,0.0,0.0,0.0,20803.844774541503
2011-01-01,17206.227084690843,-24134.060183744416,11545.259018333458,17206.227084690843,17206.227084690843,-23536.701597927222,-23536.701597927222,-23536.701597927222,-23536.701597927222,-23536.701597927222,-23536.701597927222,0.0,0.0,0.0,-6330.474513236379
2011-01-02,17223.439038857778,-8144.568884109924,25322.442167963025,17223.439038857778,17223.439038857778,-8790.833747518214,-8790.833747518214,-8790.833747518214,-8790.833747518214,-8790.833747518214,-8790.833747518214,0.0,0.0,0.0,8432.605291339563
2011-01-03,17240.650993024716,1913.9550662203126,36766.97897507929,17240.650993024716,17240.650993024716,2042.281298576151,2042.281298576151,2042.281298576151,2042.281298576151,2042.281298576151,2042.281298576151,0.0,0.0,0.0,19282.932291600868
2011-01-04,17257.862947191654,8018.294653611789,43220.08352864914,17257.862947191654,17257.862947191654,8270.971588746583,8270.971588746583,8270.971588746583,8270.971588746583,8270.971588746583,8270.971588746583,0.0,0.0,0.0,25528.834535938237
2011-01-05,17275.07490135859,4706.536405073476,40599.37046071859,17275.07490135859,17275.07490135859,5637.931599503567,5637.931599503567,5637.931599503567,5637.931599503567,5637.931599503567,5637.931599503567,0.0,0.0,0.0,22913.006500862153
2011-01-06,17292.286855525526,11982.830444087691,46936.15134786667,17292.286855525526,17292.286855525526,12761.52121454625,12761.52121454625,12761.52121454625,12761.52121454625,12761.52121454625,12761.52121454625,0.0,0.0,0.0,30053.808070071776
2011-01-07,17309.50044305888,3737.156882308175,38629.174536725914,17309.50044305888,17309.50044305888,3614.829644075504,3614.829644075504,3614.829644075504,3614.829644075504,3614.829644075504,3614.829644075504,0.0,0.0,0.0,20924.330087134385
2011-01-08,17326.714030592233,-25254.45409712156,11244.892174645976,17326.714030592233,17326.714030592233,-23536.701597905703,-23536.701597905703,-23536.701597905703,-23536.701597905703,-23536.701597905703,-23536.701597905703,0.0,0.0,0.0,-6209.98756731347
2011-01-09,17343.92761812559,-9133.844739543121,26879.463406673884,17343.92761812559,17343.92761812559,-8790.83374754335,-8790.83374754335,-8790.83374754335,-8790.83374754335,-8790.83374754335,-8790.83374754335,0.0,0.0,0.0,8553.09387058224
2011-01-10,17361.14120565894,1468.1455075715157,37756.65304034194,17361.14120565894,17361.14120565894,2042.2812986001502,2042.2812986001502,2042.2812986001502,2042.2812986001502,2042.2812986001502,2042.2812986001502,0.0,0.0,0.0,19403.42250425909
2011-01-11,17378.354793192295,6466.400865875355,43599.21639120282,17378.354793192295,17378.354793192295,8270.97158873779,8270.97158873779,8270.97158873779,8270.97158873779,8270.97158873779,8270.97158873779,0.0,0.0,0.0,25649.326381930085
2011-01-12,17395.56838072565,5397.256499949956,40095.313932990844,17395.56838072565,17395.56838072565,5637.931599543914,5637.931599543914,5637.931599543914,5637.931599543914,5637.931599543914,5637.931599543914,0.0,0.0,0.0,23033.499980269564
2011-01-13,17412.781968259,11842.24670701293,48291.35933822947,17412.781968259,17412.781968259,12761.52121454052,12761.52121454052,12761.52121454052,12761.52121454052,12761.52121454052,12761.52121454052,0.0,0.0,0.0,30174.303182799522
2011-01-14,17429.995555792353,2657.41488309478,38908.0117738499,17429.995555792353,17429.995555792353,3614.829644089581,3614.829644089581,3614.829644089581,3614.829644089581,3614.829644089581,3614.829644089581,0.0,0.0,0.0,21044.825199881932
2011-01-15,17447.20914332571,-22523.79202890861,12415.959646940726,17447.20914332571,17447.20914332571,-23536.70159791551,-23536.70159791551,-23536.70159791551,-23536.70159791551,-23536.70159791551,-23536.70159791551,0.0,0.0,0.0,-6089.492454589803
2011-01-16,17464.422730859063,-7056.775712831884,25800.41216762504,17464.422730859063,17464.422730859063,-8790.833747527724,-8790.833747527724,-8790.833747527724,-8790.833747527724,-8790.833747527724,-8790.833747527724,0.0,0.0,0.0,8673.58898333134
2011-01-17,17481.63631839242,2672.7493978270163,38250.43634803461,17481.63631839242,17481.63631839242,2042.2812985971668,2042.2812985971668,2042.2812985971668,2042.2812985971668,2042.2812985971668,2042.2812985971668,0.0,0.0,0.0,19523.917616989587
2011-01-18,17498.849905925767,8484.40591067013,43537.25681464189,17498.849905925767,17498.849905925767,8270.971588728999,8270.971588728999,8270.971588728999,8270.971588728999,8270.971588728999,8270.971588728999,0.0,0.0,0.0,25769.821494654767
2011-01-19,17516.06482659265,4361.431695409539,40679.986206174246,17516.06482659265,17516.06482659265,5637.931599512355,5637.931599512355,5637.931599512355,5637.931599512355,5637.931599512355,5637.931599512355,0.0,0.0,0.0,23153.996426105005
2011-01-20,17533.27974725953,12266.701972618983,48671.69725336139,17533.27974725953,17533.27974725953,12761.521214560986,12761.521214560986,12761.521214560986,12761.521214560986,12761.521214560986,12761.521214560986,0.0,0.0,0.0,30294.800961820518
2011-01-21,17550.494667926414,3498.894723956412,38466.38175566699,17550.494667926414,17550.494667926414,3614.829644076892,3614.829644076892,3614.829644076892,3614.829644076892,3614.829644076892,3614.829644076892,0.0,0.0,0.0,21165.324312003308
2011-01-22,17567.709588593294,-23579.81707563744,11454.515355147718,17567.709588593294,17567.709588593294,-23536.70159792532,-23536.70159792532,-23536.70159792532,-23536.70159792532,-23536.70159792532,-23536.70159792532,0.0,0.0,0.0,-5968.992009332025
2011-01-23,17584.924509260174,-9158.7815144963,25229.882324986767,17584.924509260174,17584.924509260174,-8790.833747514233,-8790.833747514233,-8790.833747514233,-8790.833747514233,-8790.833747514233,-8790.833747514233,0.0,0.0,0.0,8794.090761745942
2011-01-24,17602.139429927058,2206.365548679339,37615.9221300509,17602.139429927058,17602.139429927058,2042.2812985802093,2042.2812985802093,2042.2812985802093,2042.2812985802093,2042.2812985802093,2042.2812985802093,0.0,0.0,0.0,19644.420728507266
2011-01-25,17619.354350593938,9453.9003791173,44510.991361948625,17619.354350593938,17619.354350593938,8270.971588753086,8270.971588753086,8270.971588753086,8270.971588753086,8270.971588753086,8270.971588753086,0.0,0.0,0.0,25890.32593934702
2011-01-26,17636.56927126082,6030.529755484099,41108.65851688366,17636.56927126082,17636.56927126082,5637.931599524308,5637.931599524308,5637.931599524308,5637.931599524308,5637.931599524308,5637.931599524308,0.0,0.0,0.0,23274.50087078513
2011-01-27,17653.7841919277,13020.429007727897,48179.99714846364,17653.7841919277,17653.7841919277,12761.521214583172,12761.521214583172,12761.521214583172,12761.521214583172,12761.521214583172,12761.521214583172,0.0,0.0,0.0,30415.305406510874
2011-01-28,17670.99911259458,3640.028843692509,38331.83136874506,17670.99911259458,17670.99911259458,3614.8296440422905,3614.8296440422905,3614.8296440422905,3614.8296440422905,3614.8296440422905,3614.8296440422905,0.0,0.0,0.0,21285.82875663687
2011-01-29,17688.214033261465,-23479.741317542288,11462.711369559318,17688.214033261465,17688.214033261465,-23536.701597935127,-23536.701597935127,-23536.701597935127,-23536.701597935127,-23536.701597935127,-23536.701597935127,0.0,0.0,0.0,-5848.487564673662
2011-01-30,17705.42895392835,-7781.946747512663,26505.811909769396,17705.42895392835,17705.42895392835,-8790.833747539366,-8790.833747539366,-8790.833747539366,-8790.833747539366,-8790.833747539366,-8790.833747539366,0.0,0.0,0.0,8914.595206388984
2011-01-31,17722.65137430887,1535.0030611569234,36364.78451614867,17722.65137430887,17722.65137430887,2042.2812985772273,2042.2812985772273,2042.2812985772273,2042.2812985772273,2042.2812985772273,2042.2812985772273,0.0,0.0,0.0,19764.932672886098
2011-02-01,17739.87379468939,8627.060987310058,43357.822147042076,17739.87379468939,17739.87379468939,8270.971588744294,8270.971588744294,8270.971588744294,8270.971588744294,8270.971588744294,8270.971588744294,0.0,0.0,0.0,26010.845383433683
2011-02-02,17757.096215069912,5852.960244215726,39564.196880898286,17757.096215069912,17757.096215069912,5637.931599536261,5637.931599536261,5637.931599536261,5637.931599536261,5637.931599536261,5637.931599536261,0.0,0.0,0.0,23395.027814606176
2011-02-03,17774.318635450432,13712.891486047592,48228.999631895465,17774.318635450432,17774.318635450432,12761.52121451989,12761.52121451989,12761.52121451989,12761.52121451989,12761.52121451989,12761.52121451989,0.0,0.0,0.0,30535.83984997032
2011-02-04,17791.54105583095,4433.124792971447,39303.96114510193,17791.54105583095,17791.54105583095,3614.829644100192,3614.829644100192,3614.829644100192,3614.829644100192,3614.829644100192,3614.829644100192,0.0,0.0,0.0,21406.37069993114
2011-02-05,17808.763476211472,-24192.28614568277,10517.517528643017,17808.763476211472,17808.763476211472,-23536.70159791361,-23536.70159791361,-23536.70159791361,-23536.70159791361,-23536.70159791361,-23536.70159791361,0.0,0.0,0.0,-5727.938121702136
2011-02-06,17825.985896591992,-7796.249720377832,27629.731833172576,17825.985896591992,17825.985896591992,-8790.833747524808,-8790.833747524808,-8790.833747524808,-8790.833747524808,-8790.833747524808,-8790.833747524808,0.0,0.0,0.0,9035.152149067184
2011-02-07,17843.208316972512,2072.637305426693,35725.49375786187,17843.208316972512,17843.208316972512,2042.2812985877345,2042.2812985877345,2042.2812985877345,2042.2812985877345,2042.2812985877345,2042.2812985877345,0.0,0.0,0.0,19885.489615560247
2011-02-08,17860.430737353032,7358.829466735407,43399.791176099425,17860.430737353032,17860.430737353032,8270.97158875875,8270.97158875875,8270.97158875875,8270.97158875875,8270.97158875875,8270.97158875875,0.0,0.0,0.0,26131.402326111784
2011-02-09,17877.653157733555,7000.245392584559,41295.192682025336,17877.653157733555,17877.653157733555,5637.931599548216,5637.931599548216,5637.931599548216,5637.931599548216,5637.931599548216,5637.931599548216,0.0,0.0,0.0,23515.584757281773
2011-02-10,17894.875578114075,12709.52307363221,48002.021891134886,17894.875578114075,17894.875578114075,12761.521214512442,12761.521214512442,12761.521214512442,12761.521214512442,12761.521214512442,12761.521214512442,0.0,0.0,0.0,30656.396792626518
2011-02-11,17912.09799849459,4825.079864784303,40586.5355846813,17912.09799849459,17912.09799849459,3614.82964406559,3614.82964406559,3614.82964406559,3614.82964406559,3614.82964406559,3614.82964406559,0.0,0.0,0.0,21526.927642560182
2011-02-12,17929.600928707547,-22356.112550657817,13204.08191490201,17929.600928707547,17929.600928707547,-23536.701597923424,-23536.701597923424,-23536.701597923424,-23536.701597923424,-23536.701597923424,-23536.701597923424,0.0,0.0,0.0,-5607.100669215877
2011-02-13,17947.103858920498,-7891.971855536807,26140.925224495724,17947.103858920498,17947.103858920498,-8790.833747510249,-8790.833747510249,-8790.833747510249,-8790.833747510249,-8790.833747510249,-8790.833747510249,0.0,0.0,0.0,9156.27011141025
2011-02-14,17964.60678913345,2234.001727507932,38366.8197084707,17964.60678913345,17964.60678913345,2042.2812985982407,2042.2812985982407,2042.2812985982407,2042.2812985982407,2042.2812985982407,2042.2812985982407,0.0,0.0,0.0,20006.88808773169
2011-02-15,17982.1097193464,7906.849480757334,43627.02598086769,17982.1097193464,17982.1097193464,8270.971588736353,8270.971588736353,8270.971588736353,8270.971588736353,8270.971588736353,8270.971588736353,0.0,0.0,0.0,26253.081308082754
2011-02-16,17999.61264955935,5525.899826161248,42055.960455449276,17999.61264955935,17999.61264955935,5637.931599516657,5637.931599516657,5637.931599516657,5637.931599516657,5637.931599516657,5637.931599516657,0.0,0.0,0.0,23637.544249076007
2011-02-17,18017.1155797723,14081.205072773148,49402.25547309771,18017.1155797723,18017.1155797723,12761.521214534627,12761.521214534627,12761.521214534627,12761.521214534627,12761.521214534627,12761.521214534627,0.0,0.0,0.0,30778.636794306927
2011-02-18,18034.618509985252,3836.153907119508,38030.310204589645,18034.618509985252,18034.618509985252,3614.8296440528993,3614.8296440528993,3614.8296440528993,3614.8296440528993,3614.8296440528993,3614.8296440528993,0.0,0.0,0.0,21649.448154038153
2011-02-19,18052.121440198203,-23618.234189100673,12119.9421421993,18052.121440198203,18052.121440198203,-23536.701597921663,-23536.701597921663,-23536.701597921663,-23536.701597921663,-23536.701597921663,-23536.701597921663,0.0,0.0,0.0,-5484.58015772346
2011-02-20,18069.624370411155,-9195.698033601753,27073.530273499324,18069.624370411155,18069.624370411155,-8790.833747577204,-8790.833747577204,-8790.833747577204,-8790.833747577204,-8790.833747577204,-8790.833747577204,0.0,0.0,0.0,9278.79062283395
2011-02-21,18087.127300624106,1637.0679052154373,36882.66226325231,18087.127300624106,18087.127300624106,2042.281298588271,2042.281298588271,2042.281298588271,2042.281298588271,2042.281298588271,2042.281298588271,0.0,0.0,0.0,20129.408599212376
2011-02-22,18104.630230837058,8022.362323505813,44865.06770896832,18104.630230837058,18104.630230837058,8270.971588750805,8270.971588750805,8270.971588750805,8270.971588750805,8270.971588750805,8270.971588750805,0.0,0.0,0.0,26375.601819587864
2011-02-23,18122.558984867013,6487.522942640402,42401.94841873843,18122.558984867013,18122.558984867013,5637.931599528612,5637.931599528612,5637.931599528612,5637.931599528612,5637.931599528612,5637.931599528612,0.0,0.0,0.0,23760.490584395626
2011-02-24,18140.487738896973,13689.084280023088,49356.42596309591,18140.487738896973,18140.487738896973,12761.521214556811,12761.521214556811,12761.521214556811,12761.521214556811,12761.521214556811,12761.521214556811,0.0,0.0,0.0,30902.008953453784
2011-02-25,18158.41649292693,4118.254564867143,39779.65994351003,18158.41649292693,18158.41649292693,3614.8296440402114,3614.8296440402114,3614.8296440402114,3614.8296440402114,3614.8296440402114,3614.8296440402114,0.0,0.0,0.0,21773.24613696714
2011-02-26,18176.345246956887,-22200.299253012836,10913.229458713728,18176.345246956887,18176.345246956887,-23536.70159792328,-23536.70159792328,-23536.70159792328,-23536.70159792328,-23536.70159792328,-23536.70159792328,0.0,0.0,0.0,-5360.356350966391
2011-02-27,18194.274000986843,-8458.166328813393,28072.423792947124,18194.274000986843,18194.274000986843,-8790.833747562645,-8790.833747562645,-8790.833747562645,-8790.833747562645,-8790.833747562645,-8790.833747562645,0.0,0.0,0.0,9403.440253424198
2011-02-28,18212.202755016802,2230.5979862710874,38662.565480159974,18212.202755016802,18212.202755016802,2042.2812985852865,2042.2812985852865,2042.2812985852865,2042.2812985852865,2042.2812985852865,2042.2812985852865,0.0,0.0,0.0,20254.48405360209
2011-03-01,18230.13150904676,10091.32713851589,45905.20653653317,18230.13150904676,18230.13150904676,8270.971588742013,8270.971588742013,8270.971588742013,8270.971588742013,8270.971588742013,8270.971588742013,0.0,0.0,0.0,26501.103097788775
2011-03-02,18248.060263076717,6803.349200715794,40500.58529870197,18248.060263076717,18248.060263076717,5637.931599512175,5637.931599512175,5637.931599512175,5637.931599512175,5637.931599512175,5637.931599512175,0.0,0.0,0.0,23885.991862588893
2011-03-03,18265.989017106676,12304.508099309765,48544.11066356917,18265.989017106676,18265.989017106676,12761.521214549364,12761.521214549364,12761.521214549364,12761.521214549364,12761.521214549364,12761.521214549364,0.0,0.0,0.0,31027.51023165604
2011-03-04,18283.917771136632,4309.129286224876,39439.6803223848,18283.917771136632,18283.917771136632,3614.8296440762006,3614.8296440762006,3614.8296440762006,3614.8296440762006,3614.8296440762006,3614.8296440762006,0.0,0.0,0.0,21898.747415212834
2011-03-05,18301.84652516659,-22859.997757229994,12492.821030446674,18301.84652516659,18301.84652516659,-23536.701597921518,-23536.701597921518,-23536.701597921518,-23536.701597921518,-23536.701597921518,-23536.701597921518,0.0,0.0,0.0,-5234.855072754926
2011-03-06,18319.775279196547,-7237.24033453355,26512.453605960618,18319.775279196547,18319.775279196547,-8790.83374754809,-8790.83374754809,-8790.83374754809,-8790.83374754809,-8790.83374754809,-8790.83374754809,0.0,0.0,0.0,9528.941531648457
2011-03-07,18337.983345622826,3318.967084078448,37526.07346878659,18337.983345622826,18337.983345622826,2042.2812985823043,2042.2812985823043,2042.2812985823043,2042.2812985823043,2042.2812985823043,2042.2812985823043,0.0,0.0,0.0,20380.26464420513
2011-03-08,18356.191412049102,9392.357471410744,45447.083204886665,18356.191412049102,18356.191412049102,8270.971588733224,8270.971588733224,8270.971588733224,8270.971588733224,8270.971588733224,8270.971588733224,0.0,0.0,0.0,26627.163000782326
2011-03-09,18374.399478475378,6564.413700040402,42107.25806771199,18374.399478475378,18374.399478475378,5637.9315995506695,5637.9315995506695,5637.9315995506695,5637.9315995506695,5637.9315995506695,5637.9315995506695,0.0,0.0,0.0,24012.331078026047
2011-03-10,18392.607544901657,12189.877840350353,49850.91120677433,18392.607544901657,18392.607544901657,12761.521214543634,12761.521214543634,12761.521214543634,12761.521214543634,12761.521214543634,12761.521214543634,0.0,0.0,0.0,31154.12875944529
2011-03-11,18410.815611327936,5583.157963110785,40779.01039261245,18410.815611327936,18410.815611327936,3614.8296440415993,3614.8296440415993,3614.8296440415993,3614.8296440415993,3614.8296440415993,3614.8296440415993,0.0,0.0,0.0,22025.645255369534
2011-03-12,18429.023677754212,-23195.734115281382,12331.39069340428,18429.023677754212,18429.023677754212,-23536.701597931326,-23536.701597931326,-23536.701597931326,-23536.701597931326,-23536.701597931326,-23536.701597931326,0.0,0.0,0.0,-5107.677920177113
2011-03-13,18447.23174418049,-8184.355193641518,27599.815898726567,18447.23174418049,18447.23174418049,-8790.833747532466,-8790.833747532466,-8790.833747532466,-8790.833747532466,-8790.833747532466,-8790.833747532466,0.0,0.0,0.0,9656.397996648026
2011-03-14,18465.439810606767,2736.0018535012905,38062.458547392656,18465.439810606767,18465.439810606767,2042.2812985723342,2042.2812985723342,2042.2812985723342,2042.2812985723342,2042.2812985723342,2042.2812985723342,0.0,0.0,0.0,20507.721109179103
2011-03-15,18483.647877033043,10126.35264611426,45992.090206654415,18483.647877033043,18483.647877033043,8270.971588734072,8270.971588734072,8270.971588734072,8270.971588734072,8270.971588734072,8270.971588734072,0.0,0.0,0.0,26754.619465767115
2011-03-16,18501.855943459323,7495.110999020729,42923.07786383638,18501.855943459323,18501.855943459323,5637.931599534233,5637.931599534233,5637.931599534233,5637.931599534233,5637.931599534233,5637.931599534233,0.0,0.0,0.0,24139.787542993556
2011-03-17,18520.0640098856,15185.009175226038,48509.62709311981,18520.0640098856,18520.0640098856,12761.5212145379,12761.5212145379,12761.5212145379,12761.5212145379,12761.5212145379,12761.5212145379,0.0,0.0,0.0,31281.5852244235
2011-03-18,18538.272076311878,4633.983780640561,39451.724973330405,18538.272076311878,18538.272076311878,3614.829644006997,3614.829644006997,3614.829644006997,3614.829644006997,3614.829644006997,3614.829644006997,0.0,0.0,0.0,22153.101720318875
2011-03-19,18556.75591006,-21445.722177669097,12206.185283650022,18556.75591006,18556.75591006,-23536.70159790163,-23536.70159790163,-23536.70159790163,-23536.70159790163,-23536.70159790163,-23536.70159790163,0.0,0.0,0.0,-4979.945687841628
2011-03-20,18575.239743808124,-8687.483126430187,27836.20447405214,18575.239743808124,18575.239743808124,-8790.833747559729,-8790.833747559729,-8790.833747559729,-8790.833747559729,-8790.833747559729,-8790.833747559729,0.0,0.0,0.0,9784.405996248395
2011-03-21,18593.723577556248,3092.0511900405277,38419.10577889814,18593.723577556248,18593.723577556248,2042.2812985828423,2042.2812985828423,2042.2812985828423,2042.2812985828423,2042.2812985828423,2042.2812985828423,0.0,0.0,0.0,20636.00487613909
2011-03-22,18612.20741130437,9812.009577556959,45226.19619888859,18612.20741130437,18612.20741130437,8270.971588748522,8270.971588748522,8270.971588748522,8270.971588748522,8270.971588748522,8270.971588748522,0.0,0.0,0.0,26883.179000052893
2011-03-23,18630.691245052494,7971.742339546503,42727.660196794284,18630.691245052494,18630.691245052494,5637.931599546187,5637.931599546187,5637.931599546187,5637.931599546187,5637.931599546187,5637.931599546187,0.0,0.0,0.0,24268.62284459868
2011-03-24,18649.175078800614,13903.249980895731,48557.366654306985,18649.175078800614,18649.175078800614,12761.521214560085,12761.521214560085,12761.521214560085,12761.521214560085,12761.521214560085,12761.521214560085,0.0,0.0,0.0,31410.6962933607
2011-03-25,18667.65891254874,4884.790299733905,39875.088541840494,18667.65891254874,18667.65891254874,3614.8296440429854,3614.8296440429854,3614.8296440429854,3614.8296440429854,3614.8296440429854,3614.8296440429854,0.0,0.0,0.0,22282.488556591725
2011-03-26,18686.142746296864,-21034.486951520743,12206.641423663015,18686.142746296864,18686.142746296864,-23536.70159791143,-23536.70159791143,-23536.70159791143,-23536.70159791143,-23536.70159791143,-23536.70159791143,0.0,0.0,0.0,-4850.558851614565
2011-03-27,18704.626580044987,-8294.074933103517,27461.832838216513,18704.626580044987,18704.626580044987,-8790.833747544108,-8790.833747544108,-8790.833747544108,-8790.833747544108,-8790.833747544108,-8790.833747544108,0.0,0.0,0.0,9913.79283250088
2011-03-28,18723.11041379311,1174.96814934572,38309.9325399451,18723.11041379311,18723.11041379311,2042.2812985933497,2042.2812985933497,2042.2812985933497,2042.2812985933497,2042.2812985933497,2042.2812985933497,0.0,0.0,0.0,20765.39171238646
2011-03-29,18741.594247541234,8038.348883006575,44368.84851871674,18741.594247541234,18741.594247541234,8270.971588762974,8270.971588762974,8270.971588762974,8270.971588762974,8270.971588762974,8270.971588762974,0.0,0.0,0.0,27012.56583630421
2011-03-30,18760.078081289357,5973.093202474016,41396.744178099594,18760.078081289357,18760.078081289357,5637.931599514628,5637.931599514628,5637.931599514628,5637.931599514628,5637.931599514628,5637.931599514628,0.0,0.0,0.0,24398.009680803985
2011-03-31,18779.011434580534,13567.161828974717,48487.7529492128,18779.011434580534,18779.011434580534,12761.521214524722,12761.521214524722,12761.521214524722,12761.521214524722,12761.521214524722,12761.521214524722,0.0,0.0,0.0,31540.532649105255
2011-04-01,18797.94478787171,4550.148469636098,40208.49695242343,18797.94478787171,18797.94478787171,3614.8296440302975,3614.8296440302975,3614.8296440302975,3614.8296440302975,3614.8296440302975,3614.8296440302975,0.0,0.0,0.0,22412.77443190201
2011-04-02,18816.878141162888,-21864.32119864577,13295.435146483876,18816.878141162888,18816.878141162888,-23536.701597921237,-23536.701597921237,-23536.701597921237,-23536.701597921237,-23536.701597921237,-23536.701597921237,0.0,0.0,0.0,-4719.8234567583495
2011-04-03,18835.811494454065,-8044.974700957574,27482.37398140882,18835.811494454065,18835.811494454065,-8790.833747529545,-8790.833747529545,-8790.833747529545,-8790.833747529545,-8790.833747529545,-8790.833747529545,0.0,0.0,0.0,10044.97774692452
2011-04-04,18854.74484774524,3029.4744258856667,37909.412245521504,18854.74484774524,18854.74484774524,2042.2812985903656,2042.2812985903656,2042.2812985903656,2042.2812985903656,2042.2812985903656,2042.2812985903656,0.0,0.0,0.0,20897.026146335607
2011-04-05,18873.67820103642,9950.486915488244,46019.3606131575,18873.67820103642,18873.67820103642,8270.971588750215,8270.971588750215,8270.971588750215,8270.971588750215,8270.971588750215,8270.971588750215,0.0,0.0,0.0,27144.649789786636
2011-04-06,18892.611554327596,6128.705102690717,42011.617650630404,18892.611554327596,18892.611554327596,5637.931599526583,5637.931599526583,5637.931599526583,5637.931599526583,5637.931599526583,5637.931599526583,0.0,0.0,0.0,24530.543153854178
2011-04-07,18911.544907618772,14765.376377115714,49589.50404073121,18911.544907618772,18911.544907618772,12761.521214546905,12761.521214546905,12761.521214546905,12761.521214546905,12761.521214546905,12761.521214546905,0.0,0.0,0.0,31673.066122165677
2011-04-08,18930.47826090995,4653.484421528287,39944.27327235348,18930.47826090995,18930.47826090995,3614.8296440176073,3614.8296440176073,3614.8296440176073,3614.8296440176073,3614.8296440176073,3614.8296440176073,0.0,0.0,0.0,22545.307904927555
2011-04-09,18949.411614201126,-22002.892922530842,12674.94274621319,18949.411614201126,18949.411614201126,-23536.701597931045,-23536.701597931045,-23536.701597931045,-23536.701597931045,-23536.701597931045,-23536.701597931045,0.0,0.0,0.0,-4587.289983729919
2011-04-10,18968.344967492303,-8636.07502440168,29260.309957548645,18968.344967492303,18968.344967492303,-8790.833747554681,-8790.833747554681,-8790.833747554681,-8790.833747554681,-8790.833747554681,-8790.833747554681,0.0,0.0,0.0,10177.511219937622
2011-04-11,18987.278320783484,3582.14119069507,37126.91072581705,18987.278320783484,18987.278320783484,2042.281298593886,2042.281298593886,2042.281298593886,2042.281298593886,2042.281298593886,2042.281298593886,0.0,0.0,0.0,21029.55961937737
2011-04-12,19006.667959020302,10618.37487376265,45302.14962238093,19006.667959020302,19006.667959020302,8270.971588718183,8270.971588718183,8270.971588718183,8270.971588718183,8270.971588718183,8270.971588718183,0.0,0.0,0.0,27277.639547738487
2011-04-13,19026.057597257117,6593.192578143522,42403.11253904002,19026.057597257117,19026.057597257117,5637.931599538536,5637.931599538536,5637.931599538536,5637.931599538536,5637.931599538536,5637.931599538536,0.0,0.0,0.0,24663.989196795654
2011-04-14,19045.447235493935,14887.988053059842,50642.48306599957,19045.447235493935,19045.447235493935,12761.521214541175,12761.521214541175,12761.521214541175,12761.521214541175,12761.521214541175,12761.521214541175,0.0,0.0,0.0,31806.96845003511
2011-04-15,19064.836873730754,5692.252509835646,39598.87458583869,19064.836873730754,19064.836873730754,3614.8296439830056,3614.8296439830056,3614.8296439830056,3614.8296439830056,3614.8296439830056,3614.8296439830056,0.0,0.0,0.0,22679.66651771376
2011-04-16,19084.22651196757,-22124.710977224793,12299.513103390193,19084.22651196757,19084.22651196757,-23536.701597909527,-23536.701597909527,-23536.701597909527,-23536.701597909527,-23536.701597909527,-23536.701597909527,0.0,0.0,0.0,-4452.475085941958
2011-04-17,19103.616150204387,-6004.947193051777,29378.348298126,19103.616150204387,19103.616150204387,-8790.833747540122,-8790.833747540122,-8790.833747540122,-8790.833747540122,-8790.833747540122,-8790.833747540122,0.0,0.0,0.0,10312.782402664265
2011-04-18,19123.005788441205,2475.0318592815547,38620.83376385381,19123.005788441205,19123.005788441205,2042.2812985909027,2042.2812985909027,2042.2812985909027,2042.2812985909027,2042.2812985909027,2042.2812985909027,0.0,0.0,0.0,21165.28708703211
2011-04-19,19142.395426678024,9182.194572006238,44801.541354596375,19142.395426678024,19142.395426678024,8270.971588732633,8270.971588732633,8270.971588732633,8270.971588732633,8270.971588732633,8270.971588732633,0.0,0.0,0.0,27413.36701541066
2011-04-20,19161.785064914842,8660.550655744262,43258.4695066105,19161.785064914842,19161.785064914842,5637.93159955049,5637.93159955049,5637.93159955049,5637.93159955049,5637.93159955049,5637.93159955049,0.0,0.0,0.0,24799.716664465333
2011-04-21,19181.17470315166,13423.098458307923,50705.93003969658,19181.17470315166,19181.17470315166,12761.521214561642,12761.521214561642,12761.521214561642,12761.521214561642,12761.521214561642,12761.521214561642,0.0,0.0,0.0,31942.695917713303
2011-04-22,19200.564341388475,5805.757295962647,40961.24185919362,19200.564341388475,19200.564341388475,3614.829644089586,3614.829644089586,3614.829644089586,3614.829644089586,3614.829644089586,3614.829644089586,0.0,0.0,0.0,22815.393985478062
2011-04-23,19219.953979625294,-22121.373477595702,11410.502910964211,19219.953979625294,19219.953979625294,-23536.701597930904,-23536.701597930904,-23536.701597930904,-23536.701597930904,-23536.701597930904,-23536.701597930904,0.0,0.0,0.0,-4316.74761830561
2011-04-24,19239.642739267583,-7795.729832619392,27251.25744789554,19239.642739267583,19239.642739267583,-8790.833747525565,-8790.833747525565,-8790.833747525565,-8790.833747525565,-8790.833747525565,-8790.833747525565,0.0,0.0,0.0,10448.808991742018
2011-04-25,19259.33149890987,3182.7131286363415,38633.05578745654,19259.33149890987,19259.33149890987,2042.28129860141,2042.28129860141,2042.28129860141,2042.28129860141,2042.28129860141,2042.28129860141,0.0,0.0,0.0,21301.61279751128
2011-04-26,19279.02025855216,10650.158193107409,45450.15750319321,19279.02025855216,19279.02025855216,8270.971588756722,8270.971588756722,8270.971588756722,8270.971588756722,8270.971588756722,8270.971588756722,0.0,0.0,0.0,27549.99184730888
2011-04-27,19298.709018194444,8133.181789559615,43269.35242399263,19298.709018194444,19298.709018194444,5637.931599518934,5637.931599518934,5637.931599518934,5637.931599518934,5637.931599518934,5637.931599518934,0.0,0.0,0.0,24936.640617713376
2011-04-28,19318.397777836733,14445.40831981232,49853.01051757469,19318.397777836733,19318.397777836733,12761.52121455591,12761.52121455591,12761.52121455591,12761.52121455591,12761.52121455591,12761.52121455591,0.0,0.0,0.0,32079.918992392646
2011-04-29,19338.086537479023,6400.557531862843,40192.117611781876,19338.086537479023,19338.086537479023,3614.829644054984,3614.829644054984,3614.829644054984,3614.829644054984,3614.829644054984,3614.829644054984,0.0,0.0,0.0,22952.916181534005
2011-04-30,19357.77529712131,-20965.100599913112,13426.275881342213,19357.77529712131,19357.77529712131,-23536.701597929143,-23536.701597929143,-23536.701597929143,-23536.701597929143,-23536.701597929143,-23536.701597929143,0.0,0.0,0.0,-4178.926300807834
2011-05-01,19377.464056763598,-6754.763522586425,29292.796159936843,19377.464056763598,19377.464056763598,-8790.83374751101,-8790.83374751101,-8790.83374751101,-8790.83374751101,-8790.83374751101,-8790.83374751101,0.0,0.0,0.0,10586.630309252589
2011-05-02,19397.152816405887,3490.1795789321495,39398.51663845925,19397.152816405887,19397.152816405887,2042.2812985709631,2042.2812985709631,2042.2812985709631,2042.2812985709631,2042.2812985709631,2042.2812985709631,0.0,0.0,0.0,21439.43411497685
2011-05-03,19416.841576048173,9634.502438268495,45938.49443125013,19416.841576048173,19416.841576048173,8270.971588747932,8270.971588747932,8270.971588747932,8270.971588747932,8270.971588747932,8270.971588747932,0.0,0.0,0.0,27687.813164796105
2011-05-04,19436.53033569046,8184.781614346417,41998.81035647817,19436.53033569046,19436.53033569046,5637.931599559277,5637.931599559277,5637.931599559277,5637.931599559277,5637.931599559277,5637.931599559277,0.0,0.0,0.0,25074.461935249736
2011-05-05,19456.219095332748,14789.401361942568,49699.3186830572,19456.219095332748,19456.219095332748,12761.52121455018,12761.52121455018,12761.52121455018,12761.52121455018,12761.52121455018,12761.52121455018,0.0,0.0,0.0,32217.740309882927
2011-05-06,19476.216947582274,5304.391405116937,40853.46628642509,19476.216947582274,19476.216947582274,3614.8296440642075,3614.8296440642075,3614.8296440642075,3614.8296440642075,3614.8296440642075,3614.8296440642075,0.0,0.0,0.0,23091.046591646482
2011-05-07,19496.2147998318,-20661.973059570133,13859.884261191954,19496.2147998318,19496.2147998318,-23536.701597907628,-23536.701597907628,-23536.701597907628,-23536.701597907628,-23536.701597907628,-23536.701597907628,0.0,0.0,0.0,-4040.486798075828
2011-05-08,19516.212652081325,-8406.552566757437,28840.25514815962,19516.212652081325,19516.212652081325,-8790.83374753614,-8790.83374753614,-8790.83374753614,-8790.83374753614,-8790.83374753614,-8790.83374753614,0.0,0.0,0.0,10725.378904545185
2011-05-09,19536.210504330847,4637.783869909259,41151.23665694629,19536.210504330847,19536.210504330847,2042.2812985814692,2042.2812985814692,2042.2812985814692,2042.2812985814692,2042.2812985814692,2042.2812985814692,0.0,0.0,0.0,21578.49180291232
2011-05-10,19556.208356580373,10487.625722613602,46067.82727692428,19556.208356580373,19556.208356580373,8270.971588762386,8270.971588762386,8270.971588762386,8270.971588762386,8270.971588762386,8270.971588762386,0.0,0.0,0.0,27827.17994534276
2011-05-11,19576.2062088299,8387.667587496582,42854.63829472671,19576.2062088299,19576.2062088299,5637.9315995428415,5637.9315995428415,5637.9315995428415,5637.9315995428415,5637.9315995428415,5637.9315995428415,0.0,0.0,0.0,25214.13780837274
2011-05-12,19596.204061079425,15660.392703173033,51174.29256368406,19596.204061079425,19596.204061079425,12761.52121454445,12761.52121454445,12761.52121454445,12761.52121454445,12761.52121454445,12761.52121454445,0.0,0.0,0.0,32357.725275623874
2011-05-13,19616.201913328947,5911.612629969054,40541.43554839645,19616.201913328947,19616.201913328947,3614.8296440782847,3614.8296440782847,3614.8296440782847,3614.8296440782847,3614.8296440782847,3614.8296440782847,0.0,0.0,0.0,23231.03155740723
2011-05-14,19636.199765578473,-21235.215964606494,13595.463275394499,19636.199765578473,19636.199765578473,-23536.701597917436,-23536.701597917436,-23536.701597917436,-23536.701597917436,-23536.701597917436,-23536.701597917436,0.0,0.0,0.0,-3900.501832338963
2011-05-15,19656.197617828,-6607.688718592914,28580.11466465628,19656.197617828,19656.197617828,-8790.833747522649,-8790.833747522649,-8790.833747522649,-8790.833747522649,-8790.833747522649,-8790.833747522649,0.0,0.0,0.0,10865.36387030535
2011-05-16,19676.195470077524,5405.807676320821,39329.493243410776,19676.195470077524,19676.195470077524,2042.2812985919759,2042.2812985919759,2042.2812985919759,2042.2812985919759,2042.2812985919759,2042.2812985919759,0.0,0.0,0.0,21718.4767686695
2011-05-17,19696.193322327046,10275.574558601062,45064.59701281138,19696.193322327046,19696.193322327046,8270.971588730352,8270.971588730352,8270.971588730352,8270.971588730352,8270.971588730352,8270.971588730352,0.0,0.0,0.0,27967.1649110574
2011-05-18,19716.386186842108,7774.751480710377,43098.67173272664,19716.386186842108,19716.386186842108,5637.931599511282,5637.931599511282,5637.931599511282,5637.931599511282,5637.931599511282,5637.931599511282,0.0,0.0,0.0,25354.31778635339
2011-05-19,19736.579051357166,14305.920239189418,50166.515419001604,19736.579051357166,19736.579051357166,12761.521214535282,12761.521214535282,12761.521214535282,12761.521214535282,12761.521214535282,12761.521214535282,0.0,0.0,0.0,32498.100265892448
2011-05-20,19756.771915872225,6824.894918721415,41578.08983871953,19756.771915872225,19756.771915872225,3614.8296440655954,3614.8296440655954,3614.8296440655954,3614.8296440655954,3614.8296440655954,3614.8296440655954,0.0,0.0,0.0,23371.60155993782
2011-05-21,19776.964780387287,-22194.923054583658,13307.758396995383,19776.964780387287,19776.964780387287,-23536.701597915675,-23536.701597915675,-23536.701597915675,-23536.701597915675,-23536.701597915675,-23536.701597915675,0.0,0.0,0.0,-3759.736817528388
2011-05-22,19797.157644902345,-6866.083540657175,29091.666788775896,19797.157644902345,19797.157644902345,-8790.833747507024,-8790.833747507024,-8790.833747507024,-8790.833747507024,-8790.833747507024,-8790.833747507024,0.0,0.0,0.0,11006.323897395321
2011-05-23,19817.350509417403,3660.2308951901414,39256.097805696074,19817.350509417403,19817.350509417403,2042.2812985820065,2042.2812985820065,2042.2812985820065,2042.2812985820065,2042.2812985820065,2042.2812985820065,0.0,0.0,0.0,21859.63180799941
2011-05-24,19837.54337393246,11026.642439777686,46975.2292534667,19837.54337393246,19837.54337393246,8270.97158875444,8270.97158875444,8270.97158875444,8270.97158875444,8270.97158875444,8270.97158875444,0.0,0.0,0.0,28108.514962686902
2011-05-25,19857.73623844752,8038.545340630165,42561.55204929983,19857.73623844752,19857.73623844752,5637.931599523237,5637.931599523237,5637.931599523237,5637.931599523237,5637.931599523237,5637.931599523237,0.0,0.0,0.0,25495.66783797076
2011-05-26,19877.929102962582,13902.908800696918,50116.66714994201,19877.929102962582,19877.929102962582,12761.521214529552,12761.521214529552,12761.521214529552,12761.521214529552,12761.521214529552,12761.521214529552,0.0,0.0,0.0,32639.450317492134
2011-05-27,19898.12196747764,4959.602850854133,39978.39779635376,19898.12196747764,19898.12196747764,3614.8296440529057,3614.8296440529057,3614.8296440529057,3614.8296440529057,3614.8296440529057,3614.8296440529057,0.0,0.0,0.0,23512.951611530545
2011-05-28,19918.314831992702,-19973.40441108991,15165.465676051308,19918.314831992702,19918.314831992702,-23536.70159793705,-23536.70159793705,-23536.70159793705,-23536.70159793705,-23536.70159793705,-23536.70159793705,0.0,0.0,0.0,-3618.3867659443495
2011-05-29,19938.50769650776,-6438.3841254689805,29319.151649835927,19938.50769650776,19938.50769650776,-8790.833747532155,-8790.833747532155,-8790.833747532155,-8790.833747532155,-8790.833747532155,-8790.833747532155,0.0,0.0,0.0,11147.673948975606
2011-05-30,19958.876836035102,3871.0287356602894,37942.39527235493,19958.876836035102,19958.876836035102,2042.2812985790235,2042.2812985790235,2042.2812985790235,2042.2812985790235,2042.2812985790235,2042.2812985790235,0.0,0.0,0.0,22001.158134614125
2011-05-31,19979.245975562444,11959.252059610844,45912.51424520914,19979.245975562444,19979.245975562444,8270.97158874565,8270.97158874565,8270.97158874565,8270.97158874565,8270.97158874565,8270.97158874565,0.0,0.0,0.0,28250.217564308092
2011-06-01,19999.61511508979,7311.953004739336,42762.52675785417,19999.61511508979,19999.61511508979,5637.931599506798,5637.931599506798,5637.931599506798,5637.931599506798,5637.931599506798,5637.931599506798,0.0,0.0,0.0,25637.54671459659
2011-06-02,20019.98425461713,13556.07314866211,50872.668437923996,20019.98425461713,20019.98425461713,12761.521214551738,12761.521214551738,12761.521214551738,12761.521214551738,12761.521214551738,12761.521214551738,0.0,0.0,0.0,32781.50546916887
2011-06-03,20040.353394144473,6993.836087435958,41729.69789676991,20040.353394144473,20040.353394144473,3614.829644088895,3614.829644088895,3614.829644088895,3614.829644088895,3614.829644088895,3614.829644088895,0.0,0.0,0.0,23655.18303823337
2011-06-04,20060.722533671815,-22153.871816247785,14121.463324681416,20060.722533671815,20060.722533671815,-23536.701597915533,-23536.701597915533,-23536.701597915533,-23536.701597915533,-23536.701597915533,-23536.701597915533,0.0,0.0,0.0,-3475.9790642437183
2011-06-05,20081.091673199157,-6233.448359504148,29949.118956966304,20081.091673199157,20081.091673199157,-8790.833747559422,-8790.833747559422,-8790.833747559422,-8790.833747559422,-8790.833747559422,-8790.833747559422,0.0,0.0,0.0,11290.257925639735
2011-06-06,20101.4608127265,4310.4393986288605,39528.858291380246,20101.4608127265,20101.4608127265,2042.2812985895323,2042.2812985895323,2042.2812985895323,2042.2812985895323,2042.2812985895323,2042.2812985895323,0.0,0.0,0.0,22143.74211131603
2011-06-07,20121.829952253844,10142.536854980035,45459.80209820283,20121.829952253844,20121.829952253844,8270.971588736862,8270.971588736862,8270.971588736862,8270.971588736862,8270.971588736862,8270.971588736862,0.0,0.0,0.0,28392.801540990706
2011-06-08,20142.19909178118,7938.630047398739,43524.00466107412,20142.19909178118,20142.19909178118,5637.931599547145,5637.931599547145,5637.931599547145,5637.931599547145,5637.931599547145,5637.931599547145,0.0,0.0,0.0,25780.130691328326
2011-06-09,20162.568231308527,14591.3633413305,49836.85381794126,20162.568231308527,20162.568231308527,12761.521214516371,12761.521214516371,12761.521214516371,12761.521214516371,12761.521214516371,12761.521214516371,0.0,0.0,0.0,32924.089445824895
2011-06-10,20182.93737083587,5472.808265941155,40518.3104952586,20182.93737083587,20182.93737083587,3614.8296440542936,3614.8296440542936,3614.8296440542936,3614.8296440542936,3614.8296440542936,3614.8296440542936,0.0,0.0,0.0,23797.767014890163
2011-06-11,20203.425290567644,-20018.26567379139,14421.952957298357,20203.425290567644,20203.425290567644,-23536.70159792534,-23536.70159792534,-23536.70159792534,-23536.70159792534,-23536.70159792534,-23536.70159792534,0.0,0.0,0.0,-3333.276307357697
2011-06-12,20223.91321029942,-6283.64329059397,29224.239271652103,20223.91321029942,20223.91321029942,-8790.833747543798,-8790.833747543798,-8790.833747543798,-8790.833747543798,-8790.833747543798,-8790.833747543798,0.0,0.0,0.0,11433.07946275562
2011-06-13,20244.401130031194,4835.705238553798,39905.26263957346,20244.401130031194,20244.401130031194,2042.2812985865464,2042.2812985865464,2042.2812985865464,2042.2812985865464,2042.2812985865464,2042.2812985865464,0.0,0.0,0.0,22286.68242861774
2011-06-14,20264.88904976297,9961.08763579064,45561.91395839775,20264.88904976297,20264.88904976297,8270.971588737706,8270.971588737706,8270.971588737706,8270.971588737706,8270.971588737706,8270.971588737706,0.0,0.0,0.0,28535.860638500675
2011-06-15,20285.376969494744,8237.360104191364,42193.362164844046,20285.376969494744,20285.376969494744,5637.931599528858,5637.931599528858,5637.931599528858,5637.931599528858,5637.931599528858,5637.931599528858,0.0,0.0,0.0,25923.308569023604
2011-06-16,20305.86488922652,15477.79491972537,50451.86341127111,20305.86488922652,20305.86488922652,12761.521214538556,12761.521214538556,12761.521214538556,12761.521214538556,12761.521214538556,12761.521214538556,0.0,0.0,0.0,33067.38610376508
2011-06-17,20326.352808958298,5958.625191905143,41451.920579718884,20326.352808958298,20326.352808958298,3614.8296440416034,3614.8296440416034,3614.8296440416034,3614.8296440416034,3614.8296440416034,3614.8296440416034,0.0,0.0,0.0,23941.1824529999
2011-06-18,20346.84072869007,-20873.579174539525,14223.30512898589,20346.84072869007,20346.84072869007,-23536.70159793515,-23536.70159793515,-23536.70159793515,-23536.70159793515,-23536.70159793515,-23536.70159793515,0.0,0.0,0.0,-3189.86086924508
2011-06-19,20367.328648421844,-6727.55935612374,28621.792566841108,20367.328648421844,20367.328648421844,-8790.833747571061,-8790.833747571061,-8790.833747571061,-8790.833747571061,-8790.833747571061,-8790.833747571061,0.0,0.0,0.0,11576.494900850783
2011-06-20,20387.816568153623,4355.144596348825,39145.60207936253,20387.816568153623,20387.816568153623,2042.281298590069,2042.281298590069,2042.281298590069,2042.281298590069,2042.281298590069,2042.281298590069,0.0,0.0,0.0,22430.09786674369
2011-06-21,20408.304487885398,11156.559483100104,46831.80041323222,20408.304487885398,20408.304487885398,8270.971588752158,8270.971588752158,8270.971588752158,8270.971588752158,8270.971588752158,8270.971588752158,0.0,0.0,0.0,28679.276076637558
2011-06-22,20428.79240761717,9461.747382326566,43254.20006948871,20428.79240761717,20428.79240761717,5637.931599540811,5637.931599540811,5637.931599540811,5637.931599540811,5637.931599540811,5637.931599540811,0.0,0.0,0.0,26066.72400715798
2011-06-23,20449.85233089703,15056.570312768317,50477.53974322281,20449.85233089703,20449.85233089703,12761.521214560742,12761.521214560742,12761.521214560742,12761.521214560742,12761.521214560742,12761.521214560742,0.0,0.0,0.0,33211.37354545777
2011-06-24,20470.91225417689,6377.027374274963,41211.99878448708,20470.91225417689,20470.91225417689,3614.8296440070017,3614.8296440070017,3614.8296440070017,3614.8296440070017,3614.8296440070017,3614.8296440070017,0.0,0.0,0.0,24085.74189818389
2011-06-25,20491.972177456744,-20840.866506814105,14772.178769472326,20491.972177456744,20491.972177456744,-23536.701597925203,-23536.701597925203,-23536.701597925203,-23536.701597925203,-23536.701597925203,-23536.701597925203,0.0,0.0,0.0,-3044.7294204684586
2011-06-26,20513.032100736604,-5506.986644435769,29275.979480585596,20513.032100736604,20513.032100736604,-8790.83374755544,-8790.83374755544,-8790.83374755544,-8790.83374755544,-8790.83374755544,-8790.83374755544,0.0,0.0,0.0,11722.198353181164
2011-06-27,20534.092024016463,5573.661487881197,40688.24665024644,20534.092024016463,20534.092024016463,2042.2812985870835,2042.2812985870835,2042.2812985870835,2042.2812985870835,2042.2812985870835,2042.2812985870835,0.0,0.0,0.0,22576.373322603547
2011-06-28,20555.15194729632,10987.02108827984,46601.07509711863,20555.15194729632,20555.15194729632,8270.971588743369,8270.971588743369,8270.971588743369,8270.971588743369,8270.971588743369,8270.971588743369,0.0,0.0,0.0,28826.12353603969
2011-06-29,20576.211870576175,8939.932622256574,43731.77190215911,20576.211870576175,20576.211870576175,5637.931599524375,5637.931599524375,5637.931599524375,5637.931599524375,5637.931599524375,5637.931599524375,0.0,0.0,0.0,26214.14347010055
2011-06-30,20597.271793856034,16261.89265514827,51207.164004154074,20597.271793856034,20597.271793856034,12761.521214525377,12761.521214525377,12761.521214525377,12761.521214525377,12761.521214525377,12761.521214525377,0.0,0.0,0.0,33358.79300838141
2011-07-01,20618.33171713589,6395.81616187918,42784.41128281329,20618.33171713589,20618.33171713589,3614.8296440649037,3614.8296440649037,3614.8296440649037,3614.8296440649037,3614.8296440649037,3614.8296440649037,0.0,0.0,0.0,24233.161361200793
2011-07-02,20639.39164041575,-18653.29216499736,16033.975860418714,20639.39164041575,20639.39164041575,-23536.701597915253,-23536.701597915253,-23536.701597915253,-23536.701597915253,-23536.701597915253,-23536.701597915253,0.0,0.0,0.0,-2897.309957499503
2011-07-03,20660.45156369561,-6586.38913636184,28945.15337610233,20660.45156369561,20660.45156369561,-8790.833747540877,-8790.833747540877,-8790.833747540877,-8790.833747540877,-8790.833747540877,-8790.833747540877,0.0,0.0,0.0,11869.617816154732
2011-07-04,20681.511486975465,5637.438830724241,39552.26921265599,20681.511486975465,20681.511486975465,2042.2812985841015,2042.2812985841015,2042.2812985841015,2042.2812985841015,2042.2812985841015,2042.2812985841015,0.0,0.0,0.0,22723.792785559566
2011-07-05,20714.457855997196,11022.188503521746,45736.30049708354,20714.457855997196,20714.457855997196,8270.97158875782,8270.97158875782,8270.97158875782,8270.97158875782,8270.97158875782,8270.97158875782,0.0,0.0,0.0,28985.429444755016
2011-07-06,20747.404225018927,7961.596656788827,43911.52068236217,20747.404225018927,20747.404225018927,5637.931599521206,5637.931599521206,5637.931599521206,5637.931599521206,5637.931599521206,5637.931599521206,0.0,0.0,0.0,26385.335824540132
2011-07-07,20780.350594040658,16398.912944275427,50643.77428533033,20780.350594040658,20780.350594040658,12761.521214547563,12761.521214547563,12761.521214547563,12761.521214547563,12761.521214547563,12761.521214547563,0.0,0.0,0.0,33541.87180858822
2011-07-08,20813.296963062385,7672.886255112588,40128.77366348021,20813.296963062385,20813.296963062385,3614.829644030301,3614.829644030301,3614.829644030301,3614.829644030301,3614.829644030301,3614.829644030301,0.0,0.0,0.0,24428.126607092687
2011-07-09,20846.243332084116,-19696.053707202354,14950.968613293648,20846.243332084116,20846.243332084116,-23536.70159792506,-23536.70159792506,-23536.70159792506,-23536.70159792506,-23536.70159792506,-23536.70159792506,0.0,0.0,0.0,-2690.4582658409454
2011-07-10,20879.189701105846,-5385.871652294093,30891.728103825888,20879.189701105846,20879.189701105846,-8790.833747525256,-8790.833747525256,-8790.833747525256,-8790.833747525256,-8790.833747525256,-8790.833747525256,0.0,0.0,0.0,12088.35595358059
2011-07-11,20912.136070127577,4923.845904856592,40390.918657008966,20912.136070127577,20912.136070127577,2042.2812985876233,2042.2812985876233,2042.2812985876233,2042.2812985876233,2042.2812985876233,2042.2812985876233,0.0,0.0,0.0,22954.4173687152
2011-07-12,20945.082439149304,12962.080726968514,48121.381979859005,20945.082439149304,20945.082439149304,8270.971588735423,8270.971588735423,8270.971588735423,8270.971588735423,8270.971588735423,8270.971588735423,0.0,0.0,0.0,29216.054027884726
2011-07-13,20978.02880817104,8834.3275422595,43766.28426748807,20978.02880817104,20978.02880817104,5637.931599533162,5637.931599533162,5637.931599533162,5637.931599533162,5637.931599533162,5637.931599533162,0.0,0.0,0.0,26615.960407704202
2011-07-14,21010.975177192766,16445.779583827236,51172.79010177432,21010.975177192766,21010.975177192766,12761.52121454183,12761.52121454183,12761.52121454183,12761.52121454183,12761.52121454183,12761.52121454183,0.0,0.0,0.0,33772.496391734596
2011-07-15,21043.9215462145,7223.783925683244,41726.88963253537,21043.9215462145,21043.9215462145,3614.8296439957007,3614.8296439957007,3614.8296439957007,3614.8296439957007,3614.8296439957007,3614.8296439957007,0.0,0.0,0.0,24658.7511902102
2011-07-16,21104.569813190126,-20564.28996963417,14787.727672975274,21104.569813190126,21104.569813190126,-23536.70159790355,-23536.70159790355,-23536.70159790355,-23536.70159790355,-23536.70159790355,-23536.70159790355,0.0,0.0,0.0,-2432.1317847134233
2011-07-17,21165.21808016576,-4798.362965691048,31440.752480048952,21165.21808016576,21165.21808016576,-8790.833747551455,-8790.833747551455,-8790.833747551455,-8790.833747551455,-8790.833747551455,-8790.833747551455,0.0,0.0,0.0,12374.384332614305
2011-07-18,21225.86634714139,5835.097908281744,39996.03816085476,21225.86634714139,21225.86634714139,2042.2812985846392,2042.2812985846392,2042.2812985846392,2042.2812985846392,2042.2812985846392,2042.2812985846392,0.0,0.0,0.0,23268.14764572603
2011-07-19,21286.51461411702,12100.00718318123,46099.85959850269,21286.51461411702,21286.51461411702,8270.97158873627,8270.97158873627,8270.97158873627,8270.97158873627,8270.97158873627,8270.97158873627,0.0,0.0,0.0,29557.486202853288
2011-07-20,21347.162881092652,9620.400788966914,45532.34158151231,21347.162881092652,21347.162881092652,5637.931599545117,5637.931599545117,5637.931599545117,5637.931599545117,5637.931599545117,5637.931599545117,0.0,0.0,0.0,26985.09448063777
2011-07-21,21407.81114806828,16682.81044740976,52511.130165727605,21407.81114806828,21407.81114806828,12761.521214564016,12761.521214564016,12761.521214564016,12761.521214564016,12761.521214564016,12761.521214564016,0.0,0.0,0.0,34169.332362632296
2011-07-22,21468.45941504391,8281.551320221188,42360.40016823172,21468.45941504391,21468.45941504391,3614.8296440536014,3614.8296440536014,3614.8296440536014,3614.8296440536014,3614.8296440536014,3614.8296440536014,0.0,0.0,0.0,25083.289059097515
2011-07-23,21529.10768201954,-19666.329151463768,14757.416996177215,21529.10768201954,21529.10768201954,-23536.701597924926,-23536.701597924926,-23536.701597924926,-23536.701597924926,-23536.701597924926,-23536.701597924926,0.0,0.0,0.0,-2007.593915905385
2011-07-24,21589.755948995175,-5345.973233773557,29935.229823751295,21589.755948995175,21589.755948995175,-8790.833747536897,-8790.833747536897,-8790.833747536897,-8790.833747536897,-8790.833747536897,-8790.833747536897,0.0,0.0,0.0,12798.922201458277
2011-07-25,21650.404215970804,5617.059847860793,42043.200278057026,21650.404215970804,21650.404215970804,2042.281298595146,2042.281298595146,2042.281298595146,2042.281298595146,2042.281298595146,2042.281298595146,0.0,0.0,0.0,23692.68551456595
2011-07-26,21711.052482946434,12363.269907858785,48522.2636669958,21711.052482946434,21711.052482946434,8270.971588727478,8270.971588727478,8270.971588727478,8270.971588727478,8270.971588727478,8270.971588727478,0.0,0.0,0.0,29982.024071673914
2011-07-27,21771.700749922056,10354.794407297995,45383.5431143944,21771.700749922056,21771.700749922056,5637.931599513558,5637.931599513558,5637.931599513558,5637.931599513558,5637.931599513558,5637.931599513558,0.0,0.0,0.0,27409.632349435615
2011-07-28,21864.04264826028,16935.78877792035,51978.28594387684,21864.04264826028,21864.04264826028,12761.521214556567,12761.521214556567,12761.521214556567,12761.521214556567,12761.521214556567,12761.521214556567,0.0,0.0,0.0,34625.56386281685
2011-07-29,21956.384546598503,6464.391825120472,42088.11948060527,21956.384546598503,21956.384546598503,3614.829644067678,3614.829644067678,3614.829644067678,3614.829644067678,3614.829644067678,3614.829644067678,0.0,0.0,0.0,25571.214190666182
2011-07-30,22048.72644493672,-18681.099815981524,16329.775870047948,22048.72644493672,22048.72644493672,-23536.701597923162,-23536.701597923162,-23536.701597923162,-23536.701597923162,-23536.701597923162,-23536.701597923162,0.0,0.0,0.0,-1487.9751529864407
2011-07-31,22141.068343274947,-4701.206120982685,31681.503373086693,22141.068343274947,22141.068343274947,-8790.833747522338,-8790.833747522338,-8790.833747522338,-8790.833747522338,-8790.833747522338,-8790.833747522338,0.0,0.0,0.0,13350.234595752609
2011-08-01,22233.410241613165,6939.773899252734,40507.014841920885,22233.410241613165,22233.410241613165,2042.2812985921626,2042.2812985921626,2042.2812985921626,2042.2812985921626,2042.2812985921626,2042.2812985921626,0.0,0.0,0.0,24275.691540205327
2011-08-02,22325.752139951386,12673.052891800598,48274.237964222564,22325.752139951386,22325.752139951386,8270.971588751569,8270.971588751569,8270.971588751569,8270.971588751569,8270.971588751569,8270.971588751569,0.0,0.0,0.0,30596.723728702957
2011-08-03,22418.094038289608,8943.082298328382,46674.52231661748,22418.094038289608,22418.094038289608,5637.931599553904,5637.931599553904,5637.931599553904,5637.931599553904,5637.931599553904,5637.931599553904,0.0,0.0,0.0,28056.02563784351
2011-08-04,22510.43593662783,18671.100312007526,52698.51761522268,22510.43593662783,22510.43593662783,12761.521214550838,12761.521214550838,12761.521214550838,12761.521214550838,12761.521214550838,12761.521214550838,0.0,0.0,0.0,35271.95715117866
2011-08-05,22602.77783496605,8096.731538785568,44563.3595152269,22602.77783496605,22602.77783496605,3614.829644076902,3614.829644076902,3614.829644076902,3614.829644076902,3614.829644076902,3614.829644076902,0.0,0.0,0.0,26217.607479042952
2011-08-06,22695.11973330427,-18439.544021935053,16062.60355412663,22695.11973330427,22695.11973330427,-23536.70159793297,-23536.70159793297,-23536.70159793297,-23536.70159793297,-23536.70159793297,-23536.70159793297,0.0,0.0,0.0,-841.5818646287007
2011-08-07,22787.46163164249,-4053.534530849158,31431.76958650581,22787.46163164249,22787.46163164249,-8790.83374754747,-8790.83374754747,-8790.83374754747,-8790.83374754747,-8790.83374754747,-8790.83374754747,0.0,0.0,0.0,13996.627884095022
2011-08-08,22879.803529980712,8207.453462956275,41339.41290125307,22879.803529980712,22879.803529980712,2042.2812985821918,2042.2812985821918,2042.2812985821918,2042.2812985821918,2042.2812985821918,2042.2812985821918,0.0,0.0,0.0,24922.084828562904
2011-08-09,23010.368291497765,13805.663642463514,48610.95457233045,23010.368291497765,23010.368291497765,8270.97158876602,8270.97158876602,8270.97158876602,8270.97158876602,8270.97158876602,8270.97158876602,0.0,0.0,0.0,31281.339880263786
2011-08-10,23140.933053014815,11405.492012490047,47347.716637583566,23140.933053014815,23140.933053014815,5637.931599537465,5637.931599537465,5637.931599537465,5637.931599537465,5637.931599537465,5637.931599537465,0.0,0.0,0.0,28778.864652552278
2011-08-11,23271.49781453186,18943.602915857995,53349.22978679822,23271.49781453186,23271.49781453186,12761.521214545104,12761.521214545104,12761.521214545104,12761.521214545104,12761.521214545104,12761.521214545104,0.0,0.0,0.0,36033.01902907697
2011-08-12,23402.06257604891,9234.139038661271,44978.314102345204,23402.06257604891,23402.06257604891,3614.829644090979,3614.829644090979,3614.829644090979,3614.829644090979,3614.829644090979,3614.829644090979,0.0,0.0,0.0,27016.89222013989
2011-08-13,23532.627337565955,-18770.049847504688,17279.448194625293,23532.627337565955,23532.627337565955,-23536.70159791145,-23536.70159791145,-23536.70159791145,-23536.70159791145,-23536.70159791145,-23536.70159791145,0.0,0.0,0.0,-4.074260345496441
2011-08-14,23663.192099083008,-3873.972912498117,32986.29030427438,23663.192099083008,23663.192099083008,-8790.833747533981,-8790.833747533981,-8790.833747533981,-8790.833747533981,-8790.833747533981,-8790.833747533981,0.0,0.0,0.0,14872.358351549026
2011-08-15,23793.756860600053,8672.649033738362,43464.96620821049,23793.756860600053,23793.756860600053,2042.281298585713,2042.281298585713,2042.281298585713,2042.281298585713,2042.281298585713,2042.281298585713,0.0,0.0,0.0,25836.038159185766
2011-08-16,23924.321622117102,13664.537374310632,48701.11776634589,23924.321622117102,23924.321622117102,8270.971588733986,8270.971588733986,8270.971588733986,8270.971588733986,8270.971588733986,8270.971588733986,0.0,0.0,0.0,32195.293210851087
2011-08-17,24054.886383634148,12937.985978151919,46212.92992755075,24054.886383634148,24054.886383634148,5637.931599549419,5637.931599549419,5637.931599549419,5637.931599549419,5637.931599549419,5637.931599549419,0.0,0.0,0.0,29692.817983183566
2011-08-18,24185.4511451512,19827.151018090408,55498.98181497657,24185.4511451512,24185.4511451512,12761.521214565571,12761.521214565571,12761.521214565571,12761.521214565571,12761.521214565571,12761.521214565571,0.0,0.0,0.0,36946.972359716776
2011-08-19,24316.01590666825,9658.19648924567,45561.86157675735,24316.01590666825,24316.01590666825,3614.8296440782897,3614.8296440782897,3614.8296440782897,3614.8296440782897,3614.8296440782897,3614.8296440782897,0.0,0.0,0.0,27930.84555074654
2011-08-20,24446.580668185285,-17344.9551856423,18157.495833369754,24446.580668185285,24446.580668185285,-23536.70159790969,-23536.70159790969,-23536.70159790969,-23536.70159790969,-23536.70159790969,-23536.70159790969,0.0,0.0,0.0,909.8790702755941
2011-08-21,24614.428348503407,-2661.9649818967896,33611.68835445132,24614.428348503407,24614.428348503407,-8790.833747518356,-8790.833747518356,-8790.833747518356,-8790.833747518356,-8790.833747518356,-8790.833747518356,0.0,0.0,0.0,15823.59460098505
2011-08-22,24782.27602882153,9640.642538787362,43852.59977760591,24782.27602882153,24782.27602882153,2042.281298596221,2042.281298596221,2042.281298596221,2042.281298596221,2042.281298596221,2042.281298596221,0.0,0.0,0.0,26824.55732741775
2011-08-23,24950.123709139647,17205.44837800953,51452.96506945477,24950.123709139647,24950.123709139647,8270.971588758075,8270.971588758075,8270.971588758075,8270.971588758075,8270.971588758075,8270.971588758075,0.0,0.0,0.0,33221.09529789772
2011-08-24,25117.971389457773,15661.587216725213,47576.262147398484,25117.971389457773,25117.971389457773,5637.931599517861,5637.931599517861,5637.931599517861,5637.931599517861,5637.931599517861,5637.931599517861,0.0,0.0,0.0,30755.902988975635
2011-08-25,25285.81906977589,19606.591611336116,54786.50168568345,25285.81906977589,25285.81906977589,12761.521214531926,12761.521214531926,12761.521214531926,12761.521214531926,12761.521214531926,12761.521214531926,0.0,0.0,0.0,38047.340284307815
2011-08-26,25453.666750094017,11963.040949243428,46614.492401129966,25453.666750094017,25453.666750094017,3614.8296440656004,3614.8296440656004,3614.8296440656004,3614.8296440656004,3614.8296440656004,3614.8296440656004,0.0,0.0,0.0,29068.496394159618
2011-08-27,25621.514430412135,-15618.408802104688,20631.184588452128,25621.514430412135,25621.514430412135,-23536.701597931067,-23536.701597931067,-23536.701597931067,-23536.701597931067,-23536.701597931067,-23536.701597931067,0.0,0.0,0.0,2084.8128324810677
2011-08-28,25789.36211073026,-599.6272989046541,34377.803207709556,25789.36211073026,25789.36211073026,-8790.833747503797,-8790.833747503797,-8790.833747503797,-8790.833747503797,-8790.833747503797,-8790.833747503797,0.0,0.0,0.0,16998.52836322646
2011-08-29,25957.20979104838,9502.469631002987,45680.614816282185,25957.20979104838,25957.20979104838,2042.2812985727608,2042.2812985727608,2042.2812985727608,2042.2812985727608,2042.2812985727608,2042.2812985727608,0.0,0.0,0.0,27999.49108962114
2011-08-30,26125.057471366505,16782.138061316567,53468.450171124634,26125.057471366505,26125.057471366505,8270.971588749284,8270.971588749284,8270.971588749284,8270.971588749284,8270.971588749284,8270.971588749284,0.0,0.0,0.0,34396.02906011579
2011-08-31,26292.905151684623,14949.537588242185,50374.4835277028,26292.905151684623,26292.905151684623,5637.931599501423,5637.931599501423,5637.931599501423,5637.931599501423,5637.931599501423,5637.931599501423,0.0,0.0,0.0,31930.836751186045
2011-09-01,26460.75283200275,22252.52132261959,57560.2623641557,26460.75283200275,26460.75283200275,12761.521214552393,12761.521214552393,12761.521214552393,12761.521214552393,12761.521214552393,12761.521214552393,0.0,0.0,0.0,39222.27404655514
2011-09-02,26638.694759324713,11634.388088870994,49143.08161628477,26638.694759324713,26638.694759324713,3614.829644052911,3614.829644052911,3614.829644052911,3614.829644052911,3614.829644052911,3614.829644052911,0.0,0.0,0.0,30253.524403377625
2011-09-03,26816.636686646667,-14232.682042217595,21323.729190059283,26816.636686646667,26816.636686646667,-23536.701597909552,-23536.701597909552,-23536.701597909552,-23536.701597909552,-23536.701597909552,-23536.701597909552,0.0,0.0,0.0,3279.9350887371147
2011-09-04,26994.578613968635,460.60563872529093,36074.301715059686,26994.578613968635,26994.578613968635,-8790.833747528932,-8790.833747528932,-8790.833747528932,-8790.833747528932,-8790.833747528932,-8790.833747528932,0.0,0.0,0.0,18203.7448664397
2011-09-05,27172.5205412906,10092.474089842273,46665.08382690756,27172.5205412906,27172.5205412906,2042.2812985832682,2042.2812985832682,2042.2812985832682,2042.2812985832682,2042.2812985832682,2042.2812985832682,0.0,0.0,0.0,29214.801839873868
2011-09-06,27350.462468612564,18763.305211044848,51585.71100266551,27350.462468612564,27350.462468612564,8270.971588740495,8270.971588740495,8270.971588740495,8270.971588740495,8270.971588740495,8270.971588740495,0.0,0.0,0.0,35621.43405735306
2011-09-07,27528.40439593452,15994.680943228637,51531.089377978955,27528.40439593452,27528.40439593452,5637.93159954177,5637.93159954177,5637.93159954177,5637.93159954177,5637.93159954177,5637.93159954177,0.0,0.0,0.0,33166.33599547629
2011-09-08,27706.346323256475,21862.103732138898,57210.873505737814,27706.346323256475,27706.346323256475,12761.521214517026,12761.521214517026,12761.521214517026,12761.521214517026,12761.521214517026,12761.521214517026,0.0,0.0,0.0,40467.867537773505
2011-09-09,27884.28825057844,13240.201611622662,49290.70364779443,27884.28825057844,27884.28825057844,3614.829644066987,3614.829644066987,3614.829644066987,3614.829644066987,3614.829644066987,3614.829644066987,0.0,0.0,0.0,31499.117894645427
2011-09-10,28062.23017790041,-12778.264637660424,22385.29064176971,28062.23017790041,28062.23017790041,-23536.70159791936,-23536.70159791936,-23536.70159791936,-23536.70159791936,-23536.70159791936,-23536.70159791936,0.0,0.0,0.0,4525.528579981048
2011-09-11,28240.172105222362,1888.6421097524908,35766.45291633029,28240.172105222362,28240.172105222362,-8790.833747556193,-8790.833747556193,-8790.833747556193,-8790.833747556193,-8790.833747556193,-8790.833747556193,0.0,0.0,0.0,19449.33835766617
2011-09-12,28418.11403254433,12903.517862858143,48628.82190006232,28418.11403254433,28418.11403254433,2042.2812985802823,2042.2812985802823,2042.2812985802823,2042.2812985802823,2042.2812985802823,2042.2812985802823,0.0,0.0,0.0,30460.39533112461
2011-09-13,28596.0559598663,18451.11200923835,55083.3637391541,28596.0559598663,28596.0559598663,8270.971588731703,8270.971588731703,8270.971588731703,8270.971588731703,8270.971588731703,8270.971588731703,0.0,0.0,0.0,36867.027548598
2011-09-14,28773.998463247714,16313.32446823725,51658.8703425208,28773.998463247714,28773.998463247714,5637.9315995102115,5637.9315995102115,5637.9315995102115,5637.9315995102115,5637.9315995102115,5637.9315995102115,0.0,0.0,0.0,34411.93006275792
2011-09-15,28951.940966629118,24337.54874452822,59784.599335836894,28951.940966629118,28951.940966629118,12761.521214539214,12761.521214539214,12761.521214539214,12761.521214539214,12761.521214539214,12761.521214539214,0.0,0.0,0.0,41713.46218116833
2011-09-16,29129.88347001052,15717.013406363787,50785.595263636795,29129.88347001052,29129.88347001052,3614.8296440542986,3614.8296440542986,3614.8296440542986,3614.8296440542986,3614.8296440542986,3614.8296440542986,0.0,0.0,0.0,32744.71311406482
2011-09-17,29307.825973391926,-11286.213624033006,24291.46501614244,29307.825973391926,29307.825973391926,-23536.70159792917,-23536.70159792917,-23536.70159792917,-23536.70159792917,-23536.70159792917,-23536.70159792917,0.0,0.0,0.0,5771.124375462758
2011-09-18,29485.76847677333,3543.793003791604,37516.273061997665,29485.76847677333,29485.76847677333,-8790.833747541637,-8790.833747541637,-8790.833747541637,-8790.833747541637,-8790.833747541637,-8790.833747541637,0.0,0.0,0.0,20694.934729231692
2011-09-19,29663.710980154734,15308.94404507577,50194.35223818809,29663.710980154734,29663.710980154734,2042.2812985838048,2042.2812985838048,2042.2812985838048,2042.2812985838048,2042.2812985838048,2042.2812985838048,0.0,0.0,0.0,31705.99227873854
2011-09-20,29841.65348353615,20582.113520306964,56295.791885969076,29841.65348353615,29841.65348353615,8270.97158875579,8270.97158875579,8270.97158875579,8270.97158875579,8270.97158875579,8270.97158875579,0.0,0.0,0.0,38112.625072291936
2011-09-21,30019.59598691755,18880.527695853245,54879.898826930425,30019.59598691755,30019.59598691755,5637.931599522167,5637.931599522167,5637.931599522167,5637.931599522167,5637.931599522167,5637.931599522167,0.0,0.0,0.0,35657.52758643972
2011-09-22,30197.538490298954,26761.99114022417,59647.304501312916,30197.538490298954,30197.538490298954,12761.52121453348,12761.52121453348,12761.52121453348,12761.52121453348,12761.52121453348,12761.52121453348,0.0,0.0,0.0,42959.059704832434
2011-09-23,30375.480993680358,15745.098885622105,50625.30624165234,30375.480993680358,30375.480993680358,3614.8296440196955,3614.8296440196955,3614.8296440196955,3614.8296440196955,3614.8296440196955,3614.8296440196955,0.0,0.0,0.0,33990.31063770005
2011-09-24,30553.42349706176,-9896.495662979165,24240.711681569104,30553.42349706176,30553.42349706176,-23536.701597938976,-23536.701597938976,-23536.701597938976,-23536.701597938976,-23536.701597938976,-23536.701597938976,0.0,0.0,0.0,7016.7218991227855
2011-09-25,30731.366000443166,4132.534687645325,40569.32053288662,30731.366000443166,30731.366000443166,-8790.833747567836,-8790.833747567836,-8790.833747567836,-8790.833747567836,-8790.833747567836,-8790.833747567836,0.0,0.0,0.0,21940.53225287533
2011-09-26,30909.30854789359,14999.302731822658,51042.3677741603,30909.30854789359,30909.30854789359,2042.2812985808207,2042.2812985808207,2042.2812985808207,2042.2812985808207,2042.2812985808207,2042.2812985808207,0.0,0.0,0.0,32951.58984647441
2011-09-27,31087.251095344003,21624.487154825034,57048.77904848393,31087.251095344003,31087.251095344003,8270.971588747001,8270.971588747001,8270.971588747001,8270.971588747001,8270.971588747001,8270.971588747001,0.0,0.0,0.0,39358.222684091
2011-09-28,31265.193642794417,19846.59239541675,53488.87334937941,31265.193642794417,31265.193642794417,5637.931599518999,5637.931599518999,5637.931599518999,5637.931599518999,5637.931599518999,5637.931599518999,0.0,0.0,0.0,36903.125242313414
2011-09-29,31443.13619024483,27615.85324692225,62852.340876242706,31443.13619024483,31443.13619024483,12761.521214527751,12761.521214527751,12761.521214527751,12761.521214527751,12761.521214527751,12761.521214527751,0.0,0.0,0.0,44204.65740477258
2011-09-30,31621.078737695254,18140.43545738858,52333.36247978521,31621.078737695254,31621.078737695254,3614.8296440775985,3614.8296440775985,3614.8296440775985,3614.8296440775985,3614.8296440775985,3614.8296440775985,0.0,0.0,0.0,35235.90838177285
2011-10-01,31799.021285145667,-8839.088396619554,26590.360435512976,31799.021285145667,31799.021285145667,-23536.701597917458,-23536.701597917458,-23536.701597917458,-23536.701597917458,-23536.701597917458,-23536.701597917458,0.0,0.0,0.0,8262.31968722821
2011-10-02,31976.96383259608,4881.137257032669,40809.691577126716,31976.96383259608,31976.96383259608,-8790.83374755221,-8790.83374755221,-8790.83374755221,-8790.83374755221,-8790.83374755221,-8790.83374755221,0.0,0.0,0.0,23186.13008504387
2011-10-03,32154.906380046494,17066.437740652735,51557.13190393707,32154.906380046494,32154.906380046494,2042.281298591328,2042.281298591328,2042.281298591328,2042.281298591328,2042.281298591328,2042.281298591328,0.0,0.0,0.0,34197.18767863782
2011-10-04,32332.848927496918,23136.489867856802,58144.20901836557,32332.848927496918,32332.848927496918,8270.971588761455,8270.971588761455,8270.971588761455,8270.971588761455,8270.971588761455,8270.971588761455,0.0,0.0,0.0,40603.820516258376
2011-10-05,32510.79147494733,21538.458268810897,55056.70506956341,32510.79147494733,32510.79147494733,5637.931599515832,5637.931599515832,5637.931599515832,5637.931599515832,5637.931599515832,5637.931599515832,0.0,0.0,0.0,38148.72307446317
2011-10-06,32688.73402239774,28081.180800311613,63896.213239227545,32688.73402239774,32688.73402239774,12761.521214520304,12761.521214520304,12761.521214520304,12761.521214520304,12761.521214520304,12761.521214520304,0.0,0.0,0.0,45450.25523691805
2011-10-07,32866.676569848154,18127.5687727593,54621.61255632866,32866.676569848154,32866.676569848154,3614.829644042996,3614.829644042996,3614.829644042996,3614.829644042996,3614.829644042996,3614.829644042996,0.0,0.0,0.0,36481.50621389115
2011-10-08,33044.61911729858,-7444.905675538731,26320.61626311565,33044.61911729858,33044.61911729858,-23536.701597927266,-23536.701597927266,-23536.701597927266,-23536.701597927266,-23536.701597927266,-23536.701597927266,0.0,0.0,0.0,9507.917519371313
2011-10-09,33222.561664748995,6362.625674120382,40708.27455947444,33222.561664748995,33222.561664748995,-8790.833747536588,-8790.833747536588,-8790.833747536588,-8790.833747536588,-8790.833747536588,-8790.833747536588,0.0,0.0,0.0,24431.727917212407
2011-10-10,33400.504212199405,17907.50202501324,52779.86418647706,33400.504212199405,33400.504212199405,2042.281298601836,2042.281298601836,2042.281298601836,2042.281298601836,2042.281298601836,2042.281298601836,0.0,0.0,0.0,35442.78551080124
2011-10-11,33578.44675964982,23657.81784636993,58487.38008832727,33578.44675964982,33578.44675964982,8270.971588739056,8270.971588739056,8270.971588739056,8270.971588739056,8270.971588739056,8270.971588739056,0.0,0.0,0.0,41849.41834838888
2011-10-12,33756.38930710024,21745.865514546953,57964.64369670246,33756.38930710024,33756.38930710024,5637.931599527786,5637.931599527786,5637.931599527786,5637.931599527786,5637.931599527786,5637.931599527786,0.0,0.0,0.0,39394.320906628025
2011-10-13,33934.331854550655,29463.465528199074,64681.47743732405,33934.331854550655,33934.331854550655,12761.521214542485,12761.521214542485,12761.521214542485,12761.521214542485,12761.521214542485,12761.521214542485,0.0,0.0,0.0,46695.85306909314
2011-10-14,34112.274402001065,20135.489017433843,55165.983321991494,34112.274402001065,34112.274402001065,3614.829644030308,3614.829644030308,3614.829644030308,3614.829644030308,3614.829644030308,3614.829644030308,0.0,0.0,0.0,37727.104046031374
2011-10-15,34290.21694945148,-6054.76924259269,27398.26792317724,34290.21694945148,34290.21694945148,-23536.701597917312,-23536.701597917312,-23536.701597917312,-23536.701597917312,-23536.701597917312,-23536.701597917312,0.0,0.0,0.0,10753.51535153417
2011-10-16,34468.15949690189,8941.282186435146,44798.87598055219,34468.15949690189,34468.15949690189,-8790.833747562787,-8790.833747562787,-8790.833747562787,-8790.833747562787,-8790.833747562787,-8790.833747562787,0.0,0.0,0.0,25677.325749339107
2011-10-17,34646.102044352316,18957.774880754056,54755.896201155505,34646.102044352316,34646.102044352316,2042.2812985918633,2042.2812985918633,2042.2812985918633,2042.2812985918633,2042.2812985918633,2042.2812985918633,0.0,0.0,0.0,36688.38334294418
2011-10-18,34824.04459180273,25269.774809164966,59758.95908038534,34824.04459180273,34824.04459180273,8270.97158875351,8270.97158875351,8270.97158875351,8270.97158875351,8270.97158875351,8270.97158875351,0.0,0.0,0.0,43095.01618055624
2011-10-19,35001.98713925314,21800.110926211226,58528.48477167749,35001.98713925314,35001.98713925314,5637.931599539743,5637.931599539743,5637.931599539743,5637.931599539743,5637.931599539743,5637.931599539743,0.0,0.0,0.0,40639.91873879288
2011-10-20,35179.92968670356,30663.577782269975,65332.6285375834,35179.92968670356,35179.92968670356,12761.521214564671,12761.521214564671,12761.521214564671,12761.521214564671,12761.521214564671,12761.521214564671,0.0,0.0,0.0,47941.45090126823
2011-10-21,35357.87223415398,21082.861786591555,57103.06777044149,35357.87223415398,35357.87223415398,3614.829644017618,3614.829644017618,3614.829644017618,3614.829644017618,3614.829644017618,3614.829644017618,0.0,0.0,0.0,38972.7018781716
2011-10-22,35535.81478160439,-4536.481358003381,28521.478454129774,35535.81478160439,35535.81478160439,-23536.701597918942,-23536.701597918942,-23536.701597918942,-23536.701597918942,-23536.701597918942,-23536.701597918942,0.0,0.0,0.0,11999.113183685451
2011-10-23,35713.75732905481,9543.137944385944,45522.08141193003,35713.75732905481,35713.75732905481,-8790.833747548226,-8790.833747548226,-8790.833747548226,-8790.833747548226,-8790.833747548226,-8790.833747548226,0.0,0.0,0.0,26922.923581506584
2011-10-24,35891.69987650522,20689.121489484503,55457.761779406515,35891.69987650522,35891.69987650522,2042.2812985888825,2042.2812985888825,2042.2812985888825,2042.2812985888825,2042.2812985888825,2042.2812985888825,0.0,0.0,0.0,37933.9811750941
2011-10-25,36069.64242395564,26824.361600062002,61827.65976248599,36069.64242395564,36069.64242395564,8270.971588731114,8270.971588731114,8270.971588731114,8270.971588731114,8270.971588731114,8270.971588731114,0.0,0.0,0.0,44340.614012686754
2011-10-26,36247.58497140606,24301.179896324684,60150.58954108767,36247.58497140606,36247.58497140606,5637.931599523303,5637.931599523303,5637.931599523303,5637.931599523303,5637.931599523303,5637.931599523303,0.0,0.0,0.0,41885.516570929365
2011-10-27,36425.52751885647,30723.03487583829,65963.26166136554,36425.52751885647,36425.52751885647,12761.521214557224,12761.521214557224,12761.521214557224,12761.521214557224,12761.521214557224,12761.521214557224,0.0,0.0,0.0,49187.04873341369
2011-10-28,36603.47006630688,22987.154647120526,57798.375951763745,36603.47006630688,36603.47006630688,3614.829644053607,3614.829644053607,3614.829644053607,3614.829644053607,3614.829644053607,3614.829644053607,0.0,0.0,0.0,40218.29971036049
2011-10-29,36781.412613757304,-4764.726647114735,30083.484705072824,36781.412613757304,36781.412613757304,-23536.701597917174,-23536.701597917174,-23536.701597917174,-23536.701597917174,-23536.701597917174,-23536.701597917174,0.0,0.0,0.0,13244.71101584013
2011-10-30,36959.35516120772,10234.403830816967,46518.63891525877,36959.35516120772,36959.35516120772,-8790.833747533668,-8790.833747533668,-8790.833747533668,-8790.833747533668,-8790.833747533668,-8790.833747533668,0.0,0.0,0.0,28168.521413674054
2011-10-31,37137.29770865813,20624.167567216657,55244.67382583813,37137.29770865813,37137.29770865813,2042.2812985858984,2042.2812985858984,2042.2812985858984,2042.2812985858984,2042.2812985858984,2042.2812985858984,0.0,0.0,0.0,39179.57900724403
2011-11-01,37315.24025610855,27937.25386460159,63508.542130516136,37315.24025610855,37315.24025610855,8270.971588755203,8270.971588755203,8270.971588755203,8270.971588755203,8270.971588755203,8270.971588755203,0.0,0.0,0.0,45586.21184486375
2011-11-02,37493.18280355897,26579.550293604447,61771.53234228175,37493.18280355897,37493.18280355897,5637.9315995485285,5637.9315995485285,5637.9315995485285,5637.9315995485285,5637.9315995485285,5637.9315995485285,0.0,0.0,0.0,43131.1144031075
2011-11-03,37671.12535100938,34121.99927392348,67903.73793444209,37671.12535100938,37671.12535100938,12761.521214551494,12761.521214551494,12761.521214551494,12761.521214551494,12761.521214551494,12761.521214551494,0.0,0.0,0.0,50432.64656556088
2011-11-04,37849.0678984598,26013.971644762616,60860.25268034633,37849.0678984598,37849.0678984598,3614.829644019006,3614.829644019006,3614.829644019006,3614.829644019006,3614.829644019006,3614.829644019006,0.0,0.0,0.0,41463.89754247881
2011-11-05,38027.01044591021,-3853.923980213394,31334.25133350215,38027.01044591021,38027.01044591021,-23536.70159792698,-23536.70159792698,-23536.70159792698,-23536.70159792698,-23536.70159792698,-23536.70159792698,0.0,0.0,0.0,14490.308847983226
2011-11-06,38204.95299336063,12144.960061017975,47625.00127530043,38204.95299336063,38204.95299336063,-8790.833747518047,-8790.833747518047,-8790.833747518047,-8790.833747518047,-8790.833747518047,-8790.833747518047,0.0,0.0,0.0,29414.119245842587
2011-11-07,38382.89554081105,22508.038170465334,57835.17688131105,38382.89554081105,38382.89554081105,2042.281298575929,2042.281298575929,2042.281298575929,2042.281298575929,2042.281298575929,2042.281298575929,0.0,0.0,0.0,40425.17683938698
2011-11-08,38560.83808826145,28800.522711171674,65176.62453135573,38560.83808826145,38560.83808826145,8270.971588746414,8270.971588746414,8270.971588746414,8270.971588746414,8270.971588746414,8270.971588746414,0.0,0.0,0.0,46831.80967700786
2011-11-09,38738.780635711875,28774.708470587306,62355.514564087905,38738.780635711875,38738.780635711875,5637.931599532089,5637.931599532089,5637.931599532089,5637.931599532089,5637.931599532089,5637.931599532089,0.0,0.0,0.0,44376.71223524396
2011-11-10,38916.723183162285,34180.25047286944,69777.257316379,38916.723183162285,38916.723183162285,12761.521214545759,12761.521214545759,12761.521214545759,12761.521214545759,12761.521214545759,12761.521214545759,0.0,0.0,0.0,51678.24439770804
2011-11-11,39094.6657306127,25669.667779480842,61094.67099520306,39094.6657306127,39094.6657306127,3614.8296440769072,3614.8296440769072,3614.8296440769072,3614.8296440769072,3614.8296440769072,3614.8296440769072,0.0,0.0,0.0,42709.495374689606
2011-11-12,39272.60827806311,-2229.856836498009,33850.35488667478,39272.60827806311,39272.60827806311,-23536.701597905463,-23536.701597905463,-23536.701597905463,-23536.701597905463,-23536.701597905463,-23536.701597905463,0.0,0.0,0.0,15735.906680157648
2011-11-13,39450.550825513536,13048.893330192717,48515.378084130236,39450.550825513536,39450.550825513536,-8790.83374754531,-8790.83374754531,-8790.83374754531,-8790.83374754531,-8790.83374754531,-8790.83374754531,0.0,0.0,0.0,30659.717077968227
2011-11-14,39628.493372963945,23871.656915282478,58404.80922991307,39628.493372963945,39628.493372963945,2042.2812985864364,2042.2812985864364,2042.2812985864364,2042.2812985864364,2042.2812985864364,2042.2812985864364,0.0,0.0,0.0,41670.77467155038
2011-11-15,39806.43592041436,30888.714016331694,64271.04287786828,39806.43592041436,39806.43592041436,8270.97158873762,8270.97158873762,8270.97158873762,8270.97158873762,8270.97158873762,8270.97158873762,0.0,0.0,0.0,48077.407509151984
2011-11-16,39984.37846786477,27435.774166070623,64576.15668555311,39984.37846786477,39984.37846786477,5637.931599544045,5637.931599544045,5637.931599544045,5637.931599544045,5637.931599544045,5637.931599544045,0.0,0.0,0.0,45622.31006740882
2011-11-17,40162.321015315196,35483.167364731824,70765.27688988416,40162.321015315196,40162.321015315196,12761.521214567945,12761.521214567945,12761.521214567945,12761.521214567945,12761.521214567945,12761.521214567945,0.0,0.0,0.0,52923.84222988314
2011-11-18,40340.26356276561,25808.104385664774,60577.56648345043,40340.26356276561,40340.26356276561,3614.8296440909844,3614.8296440909844,3614.8296440909844,3614.8296440909844,3614.8296440909844,3614.8296440909844,0.0,0.0,0.0,43955.093206856596
2011-11-19,40518.20611021602,-908.4596754771337,34231.82929840931,40518.20611021602,40518.20611021602,-23536.70159791528,-23536.70159791528,-23536.70159791528,-23536.70159791528,-23536.70159791528,-23536.70159791528,0.0,0.0,0.0,16981.504512300744
2011-11-20,40696.14865766644,14328.792079902643,49377.36653455919,40696.14865766644,40696.14865766644,-8790.833747529688,-8790.833747529688,-8790.833747529688,-8790.833747529688,-8790.833747529688,-8790.833747529688,0.0,0.0,0.0,31905.314910136753
2011-11-21,40874.09120511686,26541.035767840815,61647.484534634044,40874.09120511686,40874.09120511686,2042.2812985969424,2042.2812985969424,2042.2812985969424,2042.2812985969424,2042.2812985969424,2042.2812985969424,0.0,0.0,0.0,42916.37250371381
2011-11-22,41052.03375256727,31769.444716209222,67964.2139378454,41052.03375256727,41052.03375256727,8270.971588728831,8270.971588728831,8270.971588728831,8270.971588728831,8270.971588728831,8270.971588728831,0.0,0.0,0.0,49323.005341296106
2011-11-23,41229.97630001769,29130.130954171455,64594.65228921937,41229.97630001769,41229.97630001769,5637.931599512486,5637.931599512486,5637.931599512486,5637.931599512486,5637.931599512486,5637.931599512486,0.0,0.0,0.0,46867.907899530175
2011-11-24,41407.9188474681,36354.74183073095,71465.09393591866,41407.9188474681,41407.9188474681,12761.521214532582,12761.521214532582,12761.521214532582,12761.521214532582,12761.521214532582,12761.521214532582,0.0,0.0,0.0,54169.44006200068
2011-11-25,41585.861394918524,26357.597031898415,62152.189846557005,41585.861394918524,41585.861394918524,3614.8296441002067,3614.8296441002067,3614.8296441002067,3614.8296441002067,3614.8296441002067,3614.8296441002067,0.0,0.0,0.0,45200.69103901873
2011-11-26,41763.80394236893,477.01598413321983,35093.21396091101,41763.80394236893,41763.80394236893,-23536.70159792508,-23536.70159792508,-23536.70159792508,-23536.70159792508,-23536.70159792508,-23536.70159792508,0.0,0.0,0.0,18227.102344443854
2011-11-27,41941.74648981935,15201.302714510597,51086.569436373175,41941.74648981935,41941.74648981935,-8790.83374751513,-8790.83374751513,-8790.83374751513,-8790.83374751513,-8790.83374751513,-8790.83374751513,0.0,0.0,0.0,33150.91274230422
2011-11-28,42119.68903726976,25968.91193503179,62524.52469979266,42119.68903726976,42119.68903726976,2042.2812985664966,2042.2812985664966,2042.2812985664966,2042.2812985664966,2042.2812985664966,2042.2812985664966,0.0,0.0,0.0,44161.97033583625
2011-11-29,42297.631584720184,33248.00848519897,68062.98451855348,42297.631584720184,42297.631584720184,8270.971588752922,8270.971588752922,8270.971588752922,8270.971588752922,8270.971588752922,8270.971588752922,0.0,0.0,0.0,50568.60317347311
2011-11-30,42475.5741321706,30268.56452489061,65928.94871024082,42475.5741321706,42475.5741321706,5637.9315995244415,5637.9315995244415,5637.9315995244415,5637.9315995244415,5637.9315995244415,5637.9315995244415,0.0,0.0,0.0,48113.50573169504
2011-12-01,42653.51667962101,38448.05004094131,71351.82536399289,42653.51667962101,42653.51667962101,12761.521214554767,12761.521214554767,12761.521214554767,12761.521214554767,12761.521214554767,12761.521214554767,0.0,0.0,0.0,55415.03789417578
2011-12-02,42831.45922707143,28524.577440164485,63527.995045268886,42831.45922707143,42831.45922707143,3614.8296440656054,3614.8296440656054,3614.8296440656054,3614.8296440656054,3614.8296440656054,3614.8296440656054,0.0,0.0,0.0,46446.28887113703
2011-12-03,43009.40177452185,1024.8752007046944,36317.63818864756,43009.40177452185,43009.40177452185,-23536.701597934894,-23536.701597934894,-23536.701597934894,-23536.701597934894,-23536.701597934894,-23536.701597934894,0.0,0.0,0.0,19472.700176586957
2011-12-04,43187.34432197226,16649.504659409115,51789.99183201136,43187.34432197226,43187.34432197226,-8790.833747540264,-8790.833747540264,-8790.833747540264,-8790.833747540264,-8790.833747540264,-8790.833747540264,0.0,0.0,0.0,34396.510574431995
2011-12-05,43365.28686942268,28191.615744492166,64476.87134085684,43365.28686942268,43365.28686942268,2042.2812985770033,2042.2812985770033,2042.2812985770033,2042.2812985770033,2042.2812985770033,2042.2812985770033,0.0,0.0,0.0,45407.56816799968
2011-12-06,43543.22941687309,33706.65311994328,69687.82030681802,43543.22941687309,43543.22941687309,8270.97158872089,8270.97158872089,8270.97158872089,8270.97158872089,8270.97158872089,8270.97158872089,0.0,0.0,0.0,51814.201005593975
2011-12-07,43721.17196432351,32489.94940890863,65593.42317760285,43721.17196432351,43721.17196432351,5637.931599536396,5637.931599536396,5637.931599536396,5637.931599536396,5637.931599536396,5637.931599536396,0.0,0.0,0.0,49359.103563859906
2011-12-08,43899.11451177392,39350.291867779335,74533.67934296609,43899.11451177392,43899.11451177392,12761.521214519402,12761.521214519402,12761.521214519402,12761.521214519402,12761.521214519402,12761.521214519402,0.0,0.0,0.0,56660.63572629332
2011-12-09,44077.05705922434,31813.411348637495,64610.00636836061,44077.05705922434,44077.05705922434,3614.829644079681,3614.829644079681,3614.829644079681,3614.829644079681,3614.829644079681,3614.829644079681,0.0,0.0,0.0,47691.88670330402
2011-12-10,44254.99960667475,1964.6753592151647,38251.66365172102,44254.99960667475,44254.99960667475,-23536.701597913376,-23536.701597913376,-23536.701597913376,-23536.701597913376,-23536.701597913376,-23536.701597913376,0.0,0.0,0.0,20718.298008761372
2011-12-11,44432.942154125165,16951.996945765368,52997.91287115184,44432.942154125165,44432.942154125165,-8790.833747525703,-8790.833747525703,-8790.833747525703,-8790.833747525703,-8790.833747525703,-8790.833747525703,0.0,0.0,0.0,35642.108406599466
2011-12-12,44610.88470157559,29230.040959323815,64219.351049701865,44610.88470157559,44610.88470157559,2042.2812985740188,2042.2812985740188,2042.2812985740188,2042.2812985740188,2042.2812985740188,2042.2812985740188,0.0,0.0,0.0,46653.166000149606
2011-12-13,44788.827249026,35461.25659929593,72159.55243259387,44787.31891508651,44788.99986565658,8270.97158873534,8270.97158873534,8270.97158873534,8270.97158873534,8270.97158873534,8270.97158873534,0.0,0.0,0.0,53059.79883776134
2011-12-14,44966.769796476416,32118.74202212997,69184.24219661365,44962.90406354749,44968.315078845975,5637.931599548348,5637.931599548348,5637.931599548348,5637.931599548348,5637.931599548348,5637.931599548348,0.0,0.0,0.0,50604.701396024764
2011-12-15,45144.712343926825,40454.951331184,74468.97191771574,45136.718164798964,45149.146435694405,12761.52121453987,12761.52121453987,12761.52121453987,12761.52121453987,12761.52121453987,12761.52121453987,0.0,0.0,0.0,57906.233558466694
2011-12-16,45322.65489137725,31439.516072091465,67093.06881159796,45308.60538757121,45331.46824822977,3614.8296440669933,3614.8296440669933,3614.8296440669933,3614.8296440669933,3614.8296440669933,3614.8296440669933,0.0,0.0,0.0,48937.484535444244
2011-12-17,45500.597438827666,4716.7942923118635,39121.37330480419,45480.769093578616,45513.7619426764,-23536.701597934756,-23536.701597934756,-23536.701597934756,-23536.701597934756,-23536.701597934756,-23536.701597934756,0.0,0.0,0.0,21963.89584089291
2011-12-18,45678.539986278076,20067.352789624627,54954.452633568806,45652.95628934122,45697.067243543665,-8790.833747511148,-8790.833747511148,-8790.833747511148,-8790.833747511148,-8790.833747511148,-8790.833747511148,0.0,0.0,0.0,36887.70623876693
2011-12-19,45856.48253372849,30920.78731322814,65261.804413392914,45822.007121914474,45880.1381891532,2042.2812985980167,2042.2812985980167,2042.2812985980167,2042.2812985980167,2042.2812985980167,2042.2812985980167,0.0,0.0,0.0,47898.76383232651
2011-12-20,46034.42508117892,34835.724879062036,72229.07540173469,45991.932417506374,46064.23365515752,8270.971588759428,8270.971588759428,8270.971588759428,8270.971588759428,8270.971588759428,8270.971588759428,0.0,0.0,0.0,54305.396669938345
2011-12-21,46212.36762862933,35293.10993435062,69522.93347390859,46160.986873752016,46248.137789840315,5637.931599516791,5637.931599516791,5637.931599516791,5637.931599516791,5637.931599516791,5637.931599516791,0.0,0.0,0.0,51850.29922814612
2011-12-22,46390.31017607974,40185.811081843385,76435.72956061174,46333.207256366855,46432.11036139182,12761.521214534137,12761.521214534137,12761.521214534137,12761.521214534137,12761.521214534137,12761.521214534137,0.0,0.0,0.0,59151.83139061388
2011-12-23,46568.25272353015,33237.60544684381,66759.18814915101,46501.590422790985,46613.72069288869,3614.8296440323898,3614.8296440323898,3614.8296440323898,3614.8296440323898,3614.8296440323898,3614.8296440323898,0.0,0.0,0.0,50183.08236756254
2011-12-24,46746.19527098058,4825.0947882185965,41236.25863605022,46675.46229463727,46803.498479037444,-23536.701597932988,-23536.701597932988,-23536.701597932988,-23536.701597932988,-23536.701597932988,-23536.701597932988,0.0,0.0,0.0,23209.49367304759
2011-12-25,46924.13781843099,21038.217039383442,56108.22916001665,46844.56672683141,46987.95796937449,-8790.833747579165,-8790.833747579165,-8790.833747579165,-8790.833747579165,-8790.833747579165,-8790.833747579165,0.0,0.0,0.0,38133.304070851824
2011-12-26,47102.080365881404,31491.600062824713,65846.89835363906,47013.769081924875,47180.68482495084,2042.281298574558,2042.281298574558,2042.281298574558,2042.281298574558,2042.281298574558,2042.281298574558,0.0,0.0,0.0,49144.36166445596
2011-12-27,47280.02291333181,37457.68663928918,73677.61066918104,47185.22510543345,47370.99755113102,8270.971588750637,8270.971588750637,8270.971588750637,8270.971588750637,8270.971588750637,8270.971588750637,0.0,0.0,0.0,55550.99450208245
2011-12-28,47457.96546078224,36204.108024025365,70133.2513268995,47353.004244860356,47557.25768050087,5637.931599557135,5637.931599557135,5637.931599557135,5637.931599557135,5637.931599557135,5637.931599557135,0.0,0.0,0.0,53095.897060339375
2011-12-29,47635.908008232655,43591.79616565062,76530.46641144098,47517.926363070714,47746.31875465635,12761.521214528408,12761.521214528408,12761.521214528408,12761.521214528408,12761.521214528408,12761.521214528408,0.0,0.0,0.0,60397.429222761064
2011-12-30,47813.850555683064,31793.281023001175,68188.91289563035,47683.12418651562,47937.24223801683,3614.8296440416157,3614.8296440416157,3614.8296440416157,3614.8296440416157,3614.8296440416157,3614.8296440416157,0.0,0.0,0.0,51428.68019972468
2011-12-31,47991.79310313348,7167.65748062822,41905.8039159573,47851.98595892486,48124.24477990521,-23536.70159791147,-23536.70159791147,-23536.70159791147,-23536.70159791147,-23536.70159791147,-23536.70159791147,0.0,0.0,0.0,24455.09150522201
2012-01-01,48169.735650583905,20843.804212594052,54962.77780595729,48022.808257009914,48310.46001256247,-8790.833747563544,-8790.833747563544,-8790.833747563544,-8790.833747563544,-8790.833747563544,-8790.833747563544,0.0,0.0,0.0,39378.90190302036
2012-01-02,48347.678198034315,33509.92712659761,68202.37931087667,48193.57320671014,48500.08103958544,2042.281298585064,2042.281298585064,2042.281298585064,2042.281298585064,2042.281298585064,2042.281298585064,0.0,0.0,0.0,50389.959496619376
2012-01-03,48525.62074548473,38453.54284722204,73388.60088679519,48360.70237900288,48687.79853711091,8270.97158876509,8270.97158876509,8270.97158876509,8270.97158876509,8270.97158876509,8270.97158876509,0.0,0.0,0.0,56796.59233424982
2012-01-04,48703.56329293514,36984.21847975349,72072.17331167993,48525.48677115032,48880.56103592397,5637.931599540699,5637.931599540699,5637.931599540699,5637.931599540699,5637.931599540699,5637.931599540699,0.0,0.0,0.0,54341.49489247584
2012-01-05,48881.505840385566,44879.61134064565,78575.09201914696,48687.13851855902,49070.88234057627,12761.521214520957,12761.521214520957,12761.521214520957,12761.521214520957,12761.521214520957,12761.521214520957,0.0,0.0,0.0,61643.027054906524
2012-01-06,49059.448387835975,35806.334083581896,69191.32236043226,48857.710962628094,49263.14667312874,3614.82964405569,3614.82964405569,3614.82964405569,3614.82964405569,3614.82964405569,3614.82964405569,0.0,0.0,0.0,52674.27803189166
2012-01-07,49237.39093528639,6819.739985483608,42816.52202159653,49022.50028207778,49450.92226259518,-23536.701597921277,-23536.701597921277,-23536.701597921277,-23536.701597921277,-23536.701597921277,-23536.701597921277,0.0,0.0,0.0,25700.689337365115
2012-01-08,49415.3334827368,23528.35080307093,58685.12630208494,49194.398630659336,49641.24352525551,-8790.833747548984,-8790.833747548984,-8790.833747548984,-8790.833747548984,-8790.833747548984,-8790.833747548984,0.0,0.0,0.0,40624.49973518782
